,type,tray,position,sample_id,weight_mg,irms_id,delt_n,delt_c,percent_n,percent_c
1,Coral_symbiont,TLPR21_Tray3,A1,15MC1ML-S,1.0015,39405,0.86,-14.17,5.738341486,37.42847047
2,Coral_symbiont,TLPR21_Tray3,A2,15MC2ML-S,1.0785,39406,2.46,-12.48,4.147983929,40.57994397
3,Coral_symbiont,TLPR21_Tray3,A3,15MC3ML-S,1.0075,39407,3.1,-13.74,3.741340402,31.68326471
4,Coral_symbiont,TLPR21_Tray3,A4,15MC4ML-S,1.053,39408,2.76,-13.08,4.005666044,30.79192925
5,Coral_symbiont,TLPR21_Tray3,A5,15MC5ML-S,1.0325,39409,3.04,-10.41,2.011066315,21.66300636
6,Coral_symbiont,TLPR21_Tray3,A6,30MC1ML-S,1.0875,39410,2.55,-9.22,1.494665229,20.1454945
7,Coral_symbiont,TLPR21_Tray3,A7,30MC2ML-S,0.9965,39411,1.28,-14.75,4.513514414,37.8618383
8,Coral_symbiont,TLPR21_Tray3,A8,30MC4ML-S,1.0545,39412,2.53,-12.46,2.758125505,27.45092353
9,Coral_symbiont,TLPR21_Tray3,A10,30MC5ML-S,NA,NA,2.3,-13.755,4.668232045,36.90718558
10,Coral_symbiont,TLPR21_Tray3,A11,45MC1ML-S,1.0655,39415,2.13,-13.52,3.082740401,30.90597142
11,Coral_symbiont,TLPR21_Tray3,A12,45MC2ML-S,1.0865,39416,2.29,NA,NA,NA
12,Coral_symbiont,TLPR21_Tray3,B1,45MC3ML-S,1.068,39417,2.2,-9.48,1.709377281,18.42889132
13,Coral_symbiont,TLPR21_Tray3,B2,45MC4ML-S,1.053,39418,2.41,-9.79,1.468057138,17.70697315
14,Coral_symbiont,TLPR21_Tray3,B3,45MC5ML-S,1.09,39419,1.91,-10.55,1.929315652,20.51399688
15,Coral_symbiont,TLPR21_Tray3,B4,55MC1ML-S,1.036,39420,4.19,-12.97,4.357720681,29.64376513
16,Coral_symbiont,TLPR21_Tray3,B5,55MC2ML-S,1.072,39421,2.93,-14.77,4.393602458,30.73759789
17,Coral_symbiont,TLPR21_Tray3,B6,55MC3ML-S,1.0245,39422,2.16,-11.93,2.288061022,22.9037037
18,Coral_symbiont,TLPR21_Tray3,B7,55MC4ML-S,1.0115,39423,2.52,-13.35,2.787160155,28.52717064
19,Coral_symbiont,TLPR21_Tray3,B8,55MC5ML-S,1.0255,39424,3.2,-13.65,2.492777415,24.68430478
20,Coral_symbiont,TLPR21_Tray3,B9,15OFA1ML-S,0.9925,39425,1.79,-8.33,1.725206691,17.70080075
21,Coral_symbiont,TLPR21_Tray3,B10,15OFA2ML-S,0.9575,39426,1.79,-10.76,1.758044811,19.77121275
22,Coral_symbiont,TLPR21_Tray3,B11,15OFA3ML-S,1.0925,39427,2.72,-12.61,6.125687567,42.31226673
23,Coral_symbiont,TLPR21_Tray3,B12,15OFA4ML-S,0.839,39428,2.5,-13.44,4.82328913,35.82239026
24,Coral_symbiont,TLPR21_Tray3,C1,15OFA5ML-S,1.0505,39431,1.82,-12.28,6.007876084,42.79069678
25,Coral_symbiont,TLPR21_Tray3,C2,15OFA6ML-S,0.9775,39432,1.73,-8.86,2.26978312,21.91182393
26,Coral_symbiont,TLPR21_Tray3,C3,30OFA1ML-S,1.096,39433,2.44,-12.34,2.754907842,25.19278947
27,Coral_symbiont,TLPR21_Tray3,C4,30OFA3ML-S,1.087,39434,1.11,-9.43,1.391077408,18.33189018
28,Coral_symbiont,TLPR21_Tray3,C5,30OFA4ML-S,1.0585,39435,2.43,-15.53,6.192583776,43.31496662
29,Coral_symbiont,TLPR21_Tray3,C6,30OFA5ML-S,1.0885,39436,0.74,NA,0.691256871,14.06016478
30,Coral_symbiont,TLPR21_Tray3,C7,45OFA1ML-S,0.9865,39437,1.83,-16.12,4.229239835,32.03386559
31,Coral_symbiont,TLPR21_Tray3,C8,45OFA2ML-S,1.045,39438,1.82,-13.71,3.768627344,32.75466804
32,Coral_symbiont,TLPR21_Tray3,C9,45OFA3ML-S,1.0835,39439,2.57,-12.14,2.991463124,29.15663333
33,Coral_symbiont,TLPR21_Tray3,C10,45OFA4ML-S,1.0675,39440,1.87,-14.91,5.261564582,37.46405363
34,Coral_symbiont,TLPR21_Tray3,C11,45OFA5ML-S,1.0515,39441,0.3,-11.18,1.713265326,21.15843885
35,Coral_symbiont,TLPR21_Tray3,C12,55OFA1ML-S,1.0625,39442,2.38,-9.17,1.268808764,17.69579708
36,Coral_symbiont,TLPR21_Tray3,D1,55OFA2ML-S,1.024,39443,1.17,-8.21,0.796031116,15.1482539
37,Coral_symbiont,TLPR21_Tray3,D2,55OFA3ML-S,1.0865,39444,0.42,-16,4.150736619,34.20941658
38,Coral_symbiont,TLPR21_Tray3,D3,55OFA4ML-S,1.071,39445,0.68,-18.27,4.60486754,39.31231532
39,Coral_symbiont,TLPR21_Tray3,D4,55OFA5ML-S,0.973,39446,1.89,-14.8,4.756367852,31.53520125
40,Coral_symbiont,TLPR21_Tray3,D5,30OFA2ML-S,1.0445,39447,1.56,-15.21,5.545974385,42.33690726
41,Coral_symbiont,TLPR21_Tray3,D6,15AA1ML-S,0.965,39448,1.56,-10.05,1.769372385,19.96622866
42,Coral_symbiont,TLPR21_Tray3,D7,15AA2ML-S,1.076,39455,2.15,-14.32,2.783701254,28.13429765
43,Coral_symbiont,TLPR21_Tray3,D8,15AA3ML-S,1.0825,39456,1.79,-13.56,2.212252243,23.81153079
44,Coral_symbiont,TLPR21_Tray3,D9,15AA4ML-S,1.0915,39457,2.42,-15.38,4.149398528,41.50407361
45,Coral_symbiont,TLPR21_Tray3,D10,15AA5ML-S,1.056,39458,2.06,-15.88,3.859544805,36.5395855
46,Coral_symbiont,TLPR21_Tray3,D11,30AA1ML-S,1.0025,39459,1.11,-14.36,3.00463248,29.25113026
47,Coral_symbiont,TLPR21_Tray3,D12,30AA2ML-S,0.991,39460,1.61,-13.94,3.3558606,30.37938084
48,Coral_symbiont,TLPR21_Tray3,E1,30AA3ML-S,0.937,39461,1.14,-10.09,1.685834781,21.71996382
49,Coral_symbiont,TLPR21_Tray3,E2,30AA4ML-S,0.9585,39462,1.07,-9.64,0.923394424,15.58062346
50,Coral_symbiont,TLPR21_Tray3,E3,30AA5ML-S,1.0955,39463,1.74,-14.69,2.908062501,31.05550475
51,Coral_symbiont,TLPR21_Tray3,E4,45AA1ML-S,0.956,39464,1.2,-18.8,3.289523549,33.37227567
52,Coral_symbiont,TLPR21_Tray3,E5,45AA2ML-S,1.0675,39465,2.22,-15.27,3.976107198,40.48550234
53,Coral_symbiont,TLPR21_Tray3,E6,45AA3ML-S,0.4005,39466,0.7,-18.42,4.323497622,39.53730717
54,Coral_symbiont,TLPR21_Tray3,E7,45AA4ML-S,1.091,39467,1.15,-7.7,0.740514142,14.48277195
55,Coral_symbiont,TLPR21_Tray3,E8,45AA5ML-S,1.075,39468,0.8,-10.48,1.357251127,19.14987776
56,Coral_symbiont,TLPR21_Tray3,E9,55AA1ML-S,1.0515,39469,1.61,-15.01,4.382931777,39.33349258
57,Coral_symbiont,TLPR21_Tray3,E10,55AA2ML-S,1.0715,39470,-0.19,-16.4,3.740693669,27.7861789
58,Coral_symbiont,TLPR21_Tray3,E11,55AA3ML-S,1.053,39471,1.54,-16.95,4.122469342,33.99377347
59,Coral_symbiont,TLPR21_Tray3,E12,55AA4ML-S,1.038,39472,1.47,-13.61,2.084051228,20.61831814
60,Coral_symbiont,TLPR21_Tray3,F1,55AA5ML-S,1.0815,39475,2.06,-13.47,2.807453081,30.0653419
61,Coral_symbiont,TLPR21_Tray3,F2,15PA1ML-S,0.3725,39476,3.44,-13.7,7.756107889,44.26106853
62,Coral_symbiont,TLPR21_Tray3,F3,15PA2ML-S,0.255,39477,3.05,-14.2,7.244391124,43.93027474
63,Coral_symbiont,TLPR21_Tray3,F4,15PA3ML-S,1.046,39478,3.1,-12.68,5.75013532,35.58920608
64,Coral_symbiont,TLPR21_Tray3,F5,15PA4ML-S,1.075,39479,3.9,-13.6,8.053771151,47.74981078
65,Coral_symbiont,TLPR21_Tray3,F6,15PA5ML-S,0.5395,39480,3.75,-12.67,7.840638678,46.22149271
66,Coral_symbiont,TLPR21_Tray3,F7,30PA1ML-S,1.0405,39481,2.35,-6.65,1.003596441,15.28694367
67,Coral_symbiont,TLPR21_Tray3,F8,30PA3ML-S,0.5955,39482,3.05,-12.39,4.827338911,33.31384987
68,Coral_symbiont,TLPR21_Tray3,F9,30PA4ML-S,0.4215,39483,2.57,-14.31,4.817567553,31.60054562
69,Coral_symbiont,TLPR21_Tray3,F10,30PA5ML-S,0.12,39484,1.75,-14.49,6.672216629,41.20962324
70,Coral_symbiont,TLPR21_Tray3,F11,45PA1ML-S,1.072,39485,2.62,-8.46,1.417291116,16.64173814
71,Coral_symbiont,TLPR21_Tray3,F12,45PA2ML-S,1.0305,39486,3.32,-12.51,3.643794845,26.8039723
72,Coral_symbiont,TLPR21_Tray3,G1,45PA3ML-S,1.025,39487,2.56,-10.07,2.423408685,21.16498065
73,Coral_symbiont,TLPR21_Tray3,G2,45PA4ML-S,1.0905,39488,2.67,-14.11,4.29252829,30.04161023
74,Coral_symbiont,TLPR21_Tray3,G3,45PA5ML-S,0.846,39489,3.29,-14.81,5.764001549,35.86746765
75,Coral_symbiont,TLPR21_Tray3,G5,55PA2ML-S,1.085,39491,2.97,-14.35,3.611910063,25.95566065
76,Coral_symbiont,TLPR21_Tray3,G6,55PA3ML-S,1.08,39492,3.1,-11.86,2.518828768,21.14451765
77,Coral_symbiont,TLPR21_Tray3,G7,55PA4ML-S,1.0125,39493,1.71,-14.23,3.687136579,28.73061293
78,Coral_symbiont,TLPR21_Tray3,G8,55PA5ML-S,0.197,39494,3.29,-14.56,4.370340658,32.7278896
79,Coral_symbiont,TLPR21_Tray3,G9,30CN1ML-S,0.973,39495,2.09,-9.19,1.13270459,17.96821835
80,Coral_symbiont,TLPR21_Tray3,G10,45CN1ML-S,1.0485,39496,2.1,-12.32,1.743468364,22.3924076
81,Coral_symbiont,TLPR21_Tray3,G11,55CN1ML-S,1.038,39497,2.83,-9.11,1.303403276,17.21958633
82,Coral_host,TLPR21_Tray2,A2,15MC2ML-H,0.3655,40032,NA,-12.71,5.488935005,41.16928593
83,Coral_host,TLPR21_Tray2,A3,15MC3ML-H,1.0855,40033,3.12,-15.06,4.872489978,42.09687615
84,Coral_host,TLPR21_Tray2,A4,15MC4ML-H,0.384,40034,0.49,-14.09,4.837031643,35.29118205
85,Coral_host,TLPR21_Tray2,A5,15MC5ML-H,0.5975,40035,1.42,-14.14,4.120772544,36.53285265
86,Coral_host,TLPR21_Tray2,A6,30MC1ML-H,0.5165,40036,1.31,-13.63,4.423192237,39.87984778
87,Coral_host,TLPR21_Tray2,A7,30MC2ML-H,1.0995,40037,3.6,-15.91,6.058894915,45.32618584
88,Coral_host,TLPR21_Tray2,A8,30MC4ML-H,0.7565,40038,1.73,-15.49,5.887599119,40.34318974
89,Coral_host,TLPR21_Tray2,A10,30MC5ML-H,NA,NA,1.865,-14.795,5.716941262,46.31096122
90,Coral_host,TLPR21_Tray2,A11,45MC1ML-H,1.0745,40041,3.38,-15.92,5.701821104,44.40685453
91,Coral_host,TLPR21_Tray2,A12,45MC2ML-H,0.5335,40042,0.71,-14.85,4.5791255,33.88806412
92,Coral_host,TLPR21_Tray2,B1,45MC3ML-H,1.0555,40043,3.34,-15.4,5.329280285,40.73647833
93,Coral_host,TLPR21_Tray2,B2,45MC4ML-H,0.5655,40044,0.61,-15.83,4.816509757,39.80827322
94,Coral_host,TLPR21_Tray2,B3,45MC5ML-H,0.9625,40045,2.01,-15.56,5.372986241,39.23417405
95,Coral_host,TLPR21_Tray2,B4,55MC1ML-H,1.0255,40046,3.82,-15.62,5.529644979,41.437641
96,Coral_host,TLPR21_Tray2,B5,55MC2ML-H,0.9705,40047,2.65,-16.11,5.140769621,43.32718373
97,Coral_host,TLPR21_Tray2,B6,55MC3ML-H,0.3985,40048,2.59,-16.33,4.004631063,31.17527185
98,Coral_host,TLPR21_Tray2,B7,55MC4ML-H,1.0815,40049,2.89,-15.07,4.00072219,36.88143104
99,Coral_host,TLPR21_Tray2,B8,55MC5ML-H,1.065,40050,3.72,-16.45,5.078944839,40.28692946
100,Coral_host,TLPR21_Tray2,B9,15OFA1ML-H,1.095,40051,2.86,-15.7,7.034935264,48.20061692
101,Coral_host,TLPR21_Tray2,B10,15OFA2ML-H,1.084,40052,3.19,-15.88,6.80967274,42.7132667
102,Coral_host,TLPR21_Tray2,B11,15OFA3ML-H,0.704,40053,2.98,-13.26,7.632215538,48.46955012
103,Coral_host,TLPR21_Tray2,B12,15OFA4ML-H,0.356,40054,1.36,-14.79,7.59701721,49.00861845
104,Coral_host,TLPR21_Tray2,C1,15OFA5ML-H,1.0835,40057,3.23,-13.03,7.120676467,45.37751573
105,Coral_host,TLPR21_Tray2,C2,15OFA6ML-H,1.0705,40058,3.04,-12.75,6.041451453,39.67034922
106,Coral_host,TLPR21_Tray2,C3,30OFA1ML-H,1.086,40059,2.92,-15.68,7.117542871,49.69238178
107,Coral_host,TLPR21_Tray2,C4,30OFA3ML-H,0.283,40060,NA,-15.33,5.56271226,38.54202025
108,Coral_host,TLPR21_Tray2,C5,30OFA4ML-H,0.5285,40061,2.46,-16.5,7.92354688,50.60876592
109,Coral_host,TLPR21_Tray2,C6,30OFA5ML-H,0.822,40062,2.27,-13.26,5.386339769,34.88730525
110,Coral_host,TLPR21_Tray2,C7,45OFA1ML-H,0.4525,40063,1.67,-17.77,7.970940902,49.90708842
111,Coral_host,TLPR21_Tray2,C8,45OFA2ML-H,0.987,40064,1.72,-16.02,3.921808711,24.8777889
112,Coral_host,TLPR21_Tray2,C9,45OFA3ML-H,0.961,40065,2.37,-13.05,4.260149415,32.11896053
113,Coral_host,TLPR21_Tray2,C10,45OFA4ML-H,0.534,40066,3.11,-14.81,NA,NA
114,Coral_host,TLPR21_Tray2,C11,45OFA5ML-H,0.986,40067,2.08,-16,4.69001241,49.41649925
115,Coral_host,TLPR21_Tray2,C12,55OFA1ML-H,0.917,40068,2.41,-15.56,4.197630632,35.01303833
116,Coral_host,TLPR21_Tray2,D1,55OFA2ML-H,0.9595,40069,2.93,-17.28,6.360197082,48.71250873
117,Coral_host,TLPR21_Tray2,D2,55OFA3ML-H,1.094,40070,2.52,-18.28,6.444714183,48.46837619
118,Coral_host,TLPR21_Tray2,D3,55OFA4ML-H,1.069,40071,3.16,-19.74,6.249722264,50.58437289
119,Coral_host,TLPR21_Tray2,D4,55OFA5ML-H,0.668,40072,2.35,-16.99,8.126159273,48.40013497
120,Coral_host,TLPR21_Tray2,D5,15AA1ML-H,0.3605,40073,-0.17,-15.13,4.719653965,37.96885968
121,Coral_host,TLPR21_Tray2,D6,15AA2ML-H,0.625,40074,1.36,-16.29,4.077685168,41.45148757
122,Coral_host,TLPR21_Tray2,D7,15AA3ML-H,0.4555,40081,-0.35,-16.2,3.677360725,35.23617799
123,Coral_host,TLPR21_Tray2,D8,15AA5ML-H,0.877,40082,2.27,-16.32,4.030624548,40.63297421
124,Coral_host,TLPR21_Tray2,D9,15AA4ML-H,0.621,40083,1.86,-16,4.807263994,44.49898848
125,Coral_host,TLPR21_Tray2,D10,30AA1ML-H,1.062,40084,2.73,-14.43,5.554264455,45.05435612
126,Coral_host,TLPR21_Tray2,D11,30AA2ML-H,1.0795,40085,2.03,-16.56,4.888456724,46.44303229
127,Coral_host,TLPR21_Tray2,D12,30AA3ML-H,1.082,40086,2.04,-14.89,4.089807322,38.827766
128,Coral_host,TLPR21_Tray2,E1,30AA4ML-H,0.9005,40087,1.99,-14.33,4.538372332,49.62049638
129,Coral_host,TLPR21_Tray2,E2,30AA5ML-H,1.0025,40088,1.59,-17.47,3.3584778,31.69800811
130,Coral_host,TLPR21_Tray2,E3,45AA1ML-H,0.8035,40089,1.63,-15.38,4.384391899,43.98606641
131,Coral_host,TLPR21_Tray2,E4,45AA2ML-H,1.0645,40090,1.1,-19.71,2.718759765,28.95456464
132,Coral_host,TLPR21_Tray2,E5,45AA3ML-H,0.958,40091,1.89,-15.21,4.048042277,43.26451855
133,Coral_host,TLPR21_Tray2,E6,45AA4ML-H,1.059,40092,1.4,-18.51,3.773005774,36.88509029
134,Coral_host,TLPR21_Tray2,E7,45AA5ML-H,1.01,40093,0.85,-14.57,2.554208128,25.09875613
135,Coral_host,TLPR21_Tray2,E8,55AA1ML-H,0.5415,40094,3.1,-16.25,7.454125882,NA
136,Coral_host,TLPR21_Tray2,E9,55AA3ML-H,1.0605,40095,1.12,-15.45,2.312647359,23.23371301
137,Coral_host,TLPR21_Tray2,E10,55AA4ML-H,1.0795,40096,2.87,-16.27,5.13965982,45.06705906
138,Coral_host,TLPR21_Tray2,E11,55AA5ML-H,0.8075,40097,2.04,-17.07,6.012049448,46.60102974
139,Coral_host,TLPR21_Tray2,E12,15PA1ML-H,1.055,40098,1.42,-15.08,3.227744338,29.97563802
140,Coral_host,TLPR21_Tray2,F1,15PA2ML-H,1.0625,40101,3.33,-13.07,6.152439569,36.75718834
141,Coral_host,TLPR21_Tray2,F2,15PA3ML-H,0.881,40102,1.33,-10.4,2.43517851,21.60930792
142,Coral_host,TLPR21_Tray2,F3,15PA4ML-H,1.0935,40103,3.64,-13.37,4.979490414,30.74175789
143,Coral_host,TLPR21_Tray2,F4,15PA5ML-H,1.013,40104,3.12,-13.04,6.673391345,41.79461681
144,Coral_host,TLPR21_Tray2,F5,30PA1ML-H,1.017,40105,2.1,-9.67,2.574381998,21.19612531
145,Coral_host,TLPR21_Tray2,F6,30PA3ML-H,0.967,40106,3.52,-12.51,6.89157676,42.33108556
146,Coral_host,TLPR21_Tray2,F7,30PA4ML-H,0.974,40107,2.24,-11.99,4.888233051,34.05630721
147,Coral_host,TLPR21_Tray2,F8,30PA5ML-H,1.0355,40108,2.2,-13.36,4.187716195,28.55422789
148,Coral_host,TLPR21_Tray2,F9,45PA1ML-H,1.0645,40109,1.71,-11.09,2.267887499,19.45524508
149,Coral_host,TLPR21_Tray2,F10,45PA2ML-H,1.0945,40110,3.6,-13.36,4.845579239,30.84410257
150,Coral_host,TLPR21_Tray2,F11,45PA3ML-H,0.9995,40111,1.14,-9.93,2.232900352,22.05014255
151,Coral_host,TLPR21_Tray2,F12,45PA4ML-H,0.921,40112,3.34,-13.32,5.453543609,36.63243893
152,Coral_host,TLPR21_Tray2,G1,45PA5ML-H,1.0825,40113,3.59,-15.75,6.072021762,37.32463344
153,Coral_host,TLPR21_Tray2,G2,55PA2ML-H,0.1255,40115,2.05,-15.81,7.4765669,43.57762045
154,Coral_host,TLPR21_Tray2,G3,55PA1ML-H,0.975,40116,3.72,-13.88,6.352615662,40.69736272
155,Coral_host,TLPR21_Tray2,G4,55PA3ML-H,1.026,40117,4.08,-15.73,6.130400561,40.28113427
156,Coral_host,TLPR21_Tray2,G5,55PA4ML-H,0.975,40118,3.25,-15.35,5.806207031,37.14148556
157,Coral_host,TLPR21_Tray2,G6,55PA5ML-H,0.9475,40119,3.33,-9.5,1.676671425,16.53761588
158,Coral_host,TLPR21_Tray2,G7,30CN1ML-H,1.0745,40120,3.72,-15.92,4.728067089,38.17192717
159,Coral_host,TLPR21_Tray2,G8,55CN1ML-H,0.937,40121,1.66,-15.92,3.803260342,34.78080489
160,Coral_host,TLPR21_Tray2,G9,45CN1ML-H,1.05,40122,1.7,-15.29,3.839628219,36.9455139
161,Coral_symbiont,TLPR21_Tray1,A1,15PP1ML-S,0.9395,44556,2.971299312,-13.17479738,4.893698669,30.64291304
162,Coral_symbiont,TLPR21_Tray1,A2,15PP2ML-S,1.097,44557,3.034496654,-13.42401963,4.973781114,31.89478714
163,Coral_symbiont,TLPR21_Tray1,A3,15PP3ML-S,0.992,44558,3.306039959,-14.79520278,6.498744873,38.99999381
164,Coral_symbiont,TLPR21_Tray1,A4,15PP4ML-S,0.961,44559,3.177545994,-14.30601708,4.749274767,29.46382223
165,Coral_symbiont,TLPR21_Tray1,A5,15PP5ML-S,1.02,44560,2.627726345,-15.41200121,5.23403815,31.83479458
166,Coral_symbiont,TLPR21_Tray1,A6,30PP1ML-S,1.073,44561,2.347127494,-15.64983043,5.098441715,31.79676816
167,Coral_symbiont,TLPR21_Tray1,A7,30PP2ML-S,0.997,44562,2.13495479,-15.53857265,4.152001757,27.2174519
168,Coral_symbiont,TLPR21_Tray1,A8,30PP3ML-S,1.013,44563,2.516574887,-15.46977594,4.983730511,32.98448397
169,Coral_symbiont,TLPR21_Tray1,A9,30PP4ML-S,0.9895,44564,2.105776496,-17.27193905,5.812263244,36.19866382
170,Coral_symbiont,TLPR21_Tray1,A10,30PP5ML-S,1.0745,44565,2.25935753,-18.36022873,6.743047221,39.36336645
171,Coral_symbiont,TLPR21_Tray1,A11,45PP2ML-S,1.085,44566,2.873844639,-16.14420079,4.867427282,34.05849847
172,Coral_symbiont,TLPR21_Tray1,A12,45PP3ML-S,0.6455,44567,3.480952749,-16.74162806,7.523859492,43.46069273
173,Coral_symbiont,TLPR21_Tray1,B1,45PP4ML-S,1.093,44568,2.115267365,-15.94381873,5.106085902,33.75342316
174,Coral_symbiont,TLPR21_Tray1,B2,45PP5ML-S,1.032,44569,1.527333688,-16.76586439,3.616111315,25.99565425
175,Coral_symbiont,TLPR21_Tray1,B3,55PP1ML-S,0.0255,44570,NA,-19.48702126,5.643167816,38.3943897
176,Coral_symbiont,TLPR21_Tray1,B4,55PP2ML-S,0.9755,44571,3.805236179,-17.89963392,4.194340159,28.26531834
177,Coral_symbiont,TLPR21_Tray1,B5,55PP3ML-S,1.06,44572,2.614032991,-16.48255729,4.735602691,30.15088838
178,Coral_symbiont,TLPR21_Tray1,B6,55PP4ML-S,0.999,44573,2.978541581,-18.53809266,5.399280158,31.93089326
179,Coral_symbiont,TLPR21_Tray1,B7,55PP5ML-S,0.9065,44576,2.513886884,-17.81836423,6.48995425,41.50869405
180,Coral_host,TLPR21_Tray1,B8,15PP1ML-H,0.9515,44577,3.474995694,-14.29100337,6.61656237,37.83659047
181,Coral_host,TLPR21_Tray1,B9,15PP2ML-H,1.0625,44578,3.788091275,-14.64163323,7.699538169,41.39898319
182,Coral_host,TLPR21_Tray1,B10,15PP3ML-H,1.0745,44579,2.546735072,-13.5566157,4.383761914,30.51015595
183,Coral_host,TLPR21_Tray1,B11,15PP4ML-H,0.759,44580,3.562516904,-15.52660228,6.885371061,40.91176192
184,Coral_host,TLPR21_Tray1,B12,15PP5ML-H,1.019,44581,3.786963892,-16.29663751,7.383329158,40.95874397
185,Coral_host,TLPR21_Tray1,C1,30PP1ML-H,0.9315,44582,3.041049506,-16.40034992,7.435774748,42.82409195
186,Coral_host,TLPR21_Tray1,C2,30PP2ML-H,1.084,44583,3.446301148,-18.35475798,8.453949535,44.0281226
187,Coral_host,TLPR21_Tray1,C3,30PP3ML-H,0.488,44584,3.244425282,-16.46316704,6.551220589,39.60462752
188,Coral_host,TLPR21_Tray1,C4,30PP4ML-H,0.4475,44585,2.776480384,-17.88206382,7.203078116,42.3335052
189,Coral_host,TLPR21_Tray1,C5,30PP5ML-H,1.069,44586,3.095132773,-18.92631169,7.410418991,43.5240644
190,Coral_host,TLPR21_Tray1,C6,45PP2ML-H,0.903,44587,3.589389733,-17.5592164,6.334502744,43.26778351
191,Coral_host,TLPR21_Tray1,C7,45PP3ML-H,0.944,44588,1.718986937,-16.36091427,5.998406426,39.04155336
192,Coral_host,TLPR21_Tray1,C8,45PP4ML-H,0.7205,44589,3.338816771,-16.9457378,6.770626536,41.61677878
193,Coral_host,TLPR21_Tray1,C9,45PP5ML-H,1.0785,44590,3.147736018,-18.42542719,7.249521567,40.41729627
194,Coral_host,TLPR21_Tray1,C10,55PP1ML-H,1.09,44591,3.586891144,-16.84806234,4.928711708,27.57744899
195,Coral_host,TLPR21_Tray1,C11,55PP2ML-H,0.675,44592,3.8327727,-21.31650488,5.39006129,34.42947887
196,Coral_host,TLPR21_Tray1,C12,55PP3ML-H,1.0835,44593,3.52241578,-17.97623873,7.448486731,41.90667541
197,Coral_host,TLPR21_Tray1,D1,55PP4ML-H,0.2635,44600,3.615868677,-19.62809608,6.835514565,40.74288011
198,Coral_host,TLPR21_Tray1,D2,55PP5ML-H,0.923,44601,3.565533024,-18.19810793,6.664960256,40.29318815
199,Coral_symbiont,TLPR21_Tray1,D3,15OFR1ML-S,0.922,44602,0.214649017,-10.69779982,1.727225551,20.23458314
200,Coral_symbiont,TLPR21_Tray1,D4,15OFR2ML-S,1.0315,44603,2.364736837,-13.39311746,3.727144115,28.17588343
201,Coral_symbiont,TLPR21_Tray1,D5,15OFR3ML-S,0.934,44604,2.49727099,-13.46734465,4.319077638,36.35836022
202,Coral_symbiont,TLPR21_Tray1,D6,15OFR4ML-S,0.996,44605,1.995474901,-16.30922044,5.817675416,46.45217755
203,Coral_symbiont,TLPR21_Tray1,D7,15OFR5ML-S,1.0235,44606,2.007091629,-13.86060321,5.806646005,40.68267282
204,Coral_symbiont,TLPR21_Tray1,D8,30OFR1ML-S,1.057,44607,1.40113168,-7.608000681,1.118623214,15.43873687
205,Coral_symbiont,TLPR21_Tray1,D9,30OFR2ML-S,1.0565,44608,2.036227976,-7.539261408,0.992027774,13.87161798
206,Coral_symbiont,TLPR21_Tray1,D10,30OFR3ML-S,1.0535,44609,1.252091984,-8.664192833,1.293080884,17.15897681
207,Coral_symbiont,TLPR21_Tray1,D11,30OFR4ML-S,0.9165,44610,1.880975961,-14.0931317,4.537624138,34.79410708
208,Coral_symbiont,TLPR21_Tray1,D12,30OFR5ML-S,1.0995,44611,1.500981146,-13.2798855,3.202157709,26.8893218
209,Coral_symbiont,TLPR21_Tray1,E1,45OFR1ML-S,0.948,44612,1.975858965,-10.50995645,1.940434208,19.30082826
210,Coral_symbiont,TLPR21_Tray1,E2,45OFR2ML-S,0.926,44613,1.325150194,-9.969167577,1.582494171,18.519159
211,Coral_symbiont,TLPR21_Tray1,E3,45OFR3ML-S,0.9615,44614,1.088582043,-7.928875854,1.075077758,16.79248062
212,Coral_symbiont,TLPR21_Tray1,E4,45OFR4ML-S,1.0195,44615,1.349265561,-10.08495027,1.225638483,16.68117327
213,Coral_symbiont,TLPR21_Tray1,E5,45OFR5ML-S,1.026,44616,1.349645506,-12.70940446,3.726085806,26.93022381
214,Coral_symbiont,TLPR21_Tray1,E6,55OFR1ML-S,1.081,44617,1.480417637,-16.10940983,6.651472963,42.04119861
215,Coral_symbiont,TLPR21_Tray1,E7,55OFR2ML-S,1.078,44620,2.825088283,-10.66790923,2.233710304,19.76077069
216,Coral_symbiont,TLPR21_Tray1,E8,55OFR3ML-S,1.0155,44621,1.430937962,-12.71134563,1.941349755,20.70007717
217,Coral_symbiont,TLPR21_Tray1,E9,55OFR4ML-S,0.9025,44622,1.945392875,-8.588271183,1.222425826,15.75064617
218,Coral_symbiont,TLPR21_Tray1,E10,55OFR5ML-S,0.911,44623,1.417836389,-16.40327067,3.327672614,28.96871206
219,Coral_host,TLPR21_Tray1,E11,15OFR1ML-H,1.06,44624,2.84241358,-15.74705011,6.265114119,41.69477315
220,Coral_host,TLPR21_Tray1,E12,15OFR2ML-H,1.0045,44625,3.184036486,-15.63469631,5.532074095,36.20109909
221,Coral_host,TLPR21_Tray1,F1,15OFR3ML-H,0.799,44626,2.895668039,-14.58933321,6.114432363,43.44702694
222,Coral_host,TLPR21_Tray1,F2,15OFR4ML-H,1.064,44627,2.910075766,-16.53306962,5.939513683,45.02446911
223,Coral_host,TLPR21_Tray1,F3,15OFR5ML-H,0.689,44628,2.657460311,-14.0675927,5.663438993,40.64796632
224,Coral_host,TLPR21_Tray1,F4,30OFR1ML-H,0.306,44629,2.530993289,-15.40545396,6.097756335,39.20257611
225,Coral_host,TLPR21_Tray1,F5,30OFR2ML-H,1.0365,44630,3.875941291,-16.63097266,2.730389445,26.15080548
226,Coral_host,TLPR21_Tray1,F6,30OFR3ML-H,1.085,44631,2.831720886,-14.72307997,5.75824163,37.61172283
227,Coral_host,TLPR21_Tray1,F7,30OFR4ML-H,0.903,44632,2.856825285,-15.10483789,5.407567122,39.87253994
228,Coral_host,TLPR21_Tray1,F8,30OFR5ML-H,0.443,44633,2.381924234,-14.88840973,4.948281125,37.1274921
229,Coral_host,TLPR21_Tray1,F9,45OFR1ML-H,0.9895,44634,3.273829934,-16.00810538,5.557764645,38.79382009
230,Coral_host,TLPR21_Tray1,F10,45OFR2ML-H,1.095,44635,2.884761685,-16.42156426,5.880876598,37.70756017
231,Coral_host,TLPR21_Tray1,F11,45OFR3ML-H,1.071,44636,3.014990221,-14.25548389,4.801171349,37.58778488
232,Coral_host,TLPR21_Tray1,F12,45OFR4ML-H,0.978,44637,2.648127544,-15.57461422,3.062918769,25.52236226
233,Coral_host,TLPR21_Tray1,G1,45OFR5ML-H,0.9355,44638,2.252091811,-14.87145539,6.273386905,36.30368379
234,Coral_host,TLPR21_Tray1,G2,55OFR1ML-H,0.9885,44639,2.091569281,-16.14233621,6.536312586,42.10942304
235,Coral_host,TLPR21_Tray1,G3,55OFR2ML-H,1.0305,44640,3.43390111,-15.60440976,6.076741627,36.35286937
236,Coral_host,TLPR21_Tray1,G4,55OFR3ML-H,0.674,44641,2.609797556,-16.94598374,5.62935294,42.90467497
237,Coral_host,TLPR21_Tray1,G5,55OFR4ML-H,0.572,44642,3.13207717,-15.65808337,4.033582451,27.79486902
238,Coral_host,TLPR21_Tray1,G6,55OFR5ML-H,0.9465,44643,3.014091132,-17.11215343,3.849010104,36.03209855