"","bag_number","depth","act_depth","species","colony_number","site","sample_id","airbrush_volume","surface_area","Host_AFDW_mg.cm2","Sym_AFDW_mg.cm2","sym.cm2","chla.ug.cm2","chlc2.ug.cm2","prot_mg.cm2","D","cor_di","cal_di","cor_a","cal_a"
"1","141",15,23,"AAGA",1,"Media Luna","15AA1ML","24.5","14.61002786",1.92846997076158,1.00615824561473,167693.040935789,3.386742629,0.915771697,0.767485661,12.563,0.3087,0.1681,0.089,0.0228
"2","143",15,21,"AAGA",2,"Media Luna","15AA2ML","20","5.440111421",3.95212493571462,4.04403481794054,1317374.97844899,4.505238607,0.54612852,1.29004065,15.563,0.2539,0.1566,0.0576,0.02
"3","147",15,22,"AAGA",3,"Media Luna","15AA3ML","17","6.501392758",NA,1.56889460146041,1893568.62323868,9.662625739,2.204100803,1.090977864,14.33,0.3094,0.1645,0.0878,0.0212
"4","151",15,20,"AAGA",4,"Media Luna","15AA4ML","16.5","9.178272981",3.99993550812868,4.13476479491954,1007724.07690932,NA,NA,1.326884338,14.644,0.3232,0.194,0.0884,0.0276
"5","152",15,20,"AAGA",5,"Media Luna","15AA5ML","21","6.662952646",4.33366429781467,6.93386287650348,1187161.3713852,NA,NA,NA,12.541,0.3937,0.1775,0.1284,0.0252
"6","320",30,31,"AAGA",1,"Media Luna","30AA1ML","26","20.29526462",3.29879906734618,5.3805654690695,585029.737552641,6.961405496,1.635435685,1.08856449,2.984,0.3578,0.161,0.1146,0.022
"7","211",30,34,"AAGA",2,"Media Luna","30AA2ML","33","17.76044568",5.10966907222342,3.34451066545533,742450.399977801,3.741795178,0.726687845,1.024730639,10.967,0.4351,0.1824,0.1494,0.0258
"8","216",30,30,"AAGA",3,"Media Luna","30AA3ML","27","16.06406685",3.10942431119178,2.18500086732396,917887.116468268,4.554214115,0.926146233,0.913357669,10.608,0.4104,0.1713,0.1234,0.0226
"9","323",30,33,"AAGA",4,"Media Luna","30AA4ML","19.5","7.935933148",6.08151544373368,2.45717795706411,500650.008751813,10.05520221,2.091857024,1.050379768,10.434,0.377,0.159,0.1248,0.0202
"10","325",30,30,"AAGA",5,"Media Luna","30AA5ML","27","9.298050139",5.73507339741395,8.1307369684856,1404730.00303747,7.925097079,1.516963212,1.779997126,9.795,0.4007,0.1869,0.1208,0.0248
"11","337",45,45,"AAGA",1,"Media Luna","45AA1ML","23","8.623955432",4.13383397921067,6.6674741600172,1177920.43502527,6.659273167,0.932646286,0.954538812,11.527,0.355,0.1898,0.1034,0.027
"12","342",45,45,"AAGA",2,"Media Luna","45AA2ML","23.5","10.35376045",4.87986951639392,5.90123755470893,1225641.64597801,6.896976821,1.420269,1.282354561,9.853,0.3962,0.1786,0.1266,0.024
"13","348",45,46,"AAGA",3,"Media Luna","45AA3ML","32","26.2367688",3.29308843854278,4.8786495385819,1233891.77953956,5.685415551,1.419016201,1.060706524,11.004,0.3982,0.1906,0.116,0.0248
"14","355",45,48,"AAGA",4,"Media Luna","45AA4ML","23","11.70473538",5.3055449767887,3.73353165033279,246241.149964383,7.433870894,2.217963427,0.839993593,14.102,0.3053,0.145,0.075,0.0168
"15","361",45,40,"AAGA",5,"Media Luna","45AA5ML","40","18.91086351",3.64869642063214,13.3256738840478,1388972.35729666,7.222039328,1.545143615,0.825482495,11.478,0.287,0.1853,0.0676,0.0272
"16","160",55,54,"AAGA",1,"Media Luna","55AA1ML","29.5","6.816155989",4.00335615030479,2.59677155695446,1215433.35359692,5.621938288,1.026698554,0.96086452,15.082,0.3137,0.1376,0.0804,0.0152
"17","163",55,57,"AAGA",2,"Media Luna","55AA2ML","10.5","5.459610028",4.13491071417601,NA,97763.3928481384,4.180314598,0.826934062,0.636478916,12.346,0.418,0.300166666666667,0.131,0.0693333333333333
"18","171",55,50,"AAGA",3,"Media Luna","55AA3ML","23","17.4735376",3.06034194243529,3.02743503982845,648265.981354571,2.462675808,0.574521613,0.667727672,11.394,0.3283,0.1669,0.0886,0.0214
"19","173",55,56,"AAGA",4,"Media Luna","55AA4ML","24","11.61559889",4.23568345170363,4.95884891906766,856606.714249238,6.306881005,1.746857841,1.060403029,11.184,0.3344,0.1677,0.0958,0.0206
"20","175",55,64,"AAGA",5,"Media Luna","55AA5ML","19.5","15.26462396",2.84235629476981,4.47112226143565,386432.709738367,4.221080072,1.264082073,0.704527813,6.164,0.5092,0.2517,0.1854,0.0424
"21","134",15,13,"CNAT",1,"Media Luna","15CN1ML","26","27.95543175",3.44119171044461,11.4396373076942,297616.580362777,2.494910493,0.833047409,0.855483974,NA,NA,NA,NA,NA
"22","154",15,24,"CNAT",2,"Media Luna","15CN2ML","17","11.28690808",3.04999382966535,7.53084896213667,NA,2.930316088,0.7229615,0.994730249,NA,NA,NA,NA,NA
"23","157",15,24,"CNAT",3,"Media Luna","15CN3ML","20","16.4902507",1.63733108072153,5.82162162034322,71633.234781567,2.276173198,0.71736326,0.375221406,NA,NA,NA,NA,NA
"24","306",15,23,"CNAT",4,"Media Luna","15CN4ML","30","13.33426184",6.58079172682573,16.7613327743083,944934.196672412,4.248585387,1.120759453,1.342714577,NA,NA,NA,NA,NA
"25","309",15,24,"CNAT",5,"Media Luna","15CN5ML","33","23.41225627",2.32570493727984,6.06092801836566,632717.033457451,5.617305675,1.374139238,0.775836429,NA,NA,NA,NA,NA
"26","158",30,28,"CNAT",1,"Media Luna","30CN1ML","15","14.08077994",2.95615727093026,9.16142433513523,NA,5.222775323,1.444202671,0.798339195,NA,NA,NA,NA,NA
"27","159",30,29,"CNAT",2,"Media Luna","30CN2ML","15","203.1727019",0.295315263511786,0.575864763847982,46696.7260428011,0.376723838,0.125176757,0.05676177,NA,NA,NA,NA,NA
"28","327",30,32,"CNAT",3,"Media Luna","30CN3ML","40","26.06406685",3.83669979729199,7.82686758647567,187998.290067308,5.723882905,1.517568238,1.028456207,NA,NA,NA,NA,NA
"29","212",30,34,"CNAT",4,"Media Luna","30CN4ML","15","17.24233983",NA,NA,114724.858662062,1.704459794,0.608705089,1.202720454,NA,NA,NA,NA,NA
"30","218",30,31,"CNAT",5,"Media Luna","30CN5ML","37","27.28690808",2.64412515292938,5.55944262923614,NA,3.623072942,1.279858271,0.677622416,NA,NA,NA,NA,NA
"31","335",45,48,"CNAT",1,"Media Luna","45CN1ML","24.5","30.48189415",2.67248812029616,12.2974641324906,230410.003380646,1.665777251,0.56950119,0.360922275,NA,NA,NA,NA,NA
"32","344",45,47,"CNAT",2,"Media Luna","45CN2ML","27","29.13091922",2.13175559380786,2.96592082616746,39101.4952668562,2.071958305,0.567209187,0.438689026,NA,NA,NA,NA,NA
"33","352",45,47,"CNAT",3,"Media Luna","45CN3ML","13","16.41504178",1.52451637561412,7.20680468472131,64841.4432485228,6.082694946,1.439638431,0.566172017,NA,NA,NA,NA,NA
"34","362",45,40,"CNAT",4,"Media Luna","45CN4ML","32","28.53760446",2.52298682255967,7.62502684151366,211650.561225839,5.24651372,1.826025729,0.679492062,NA,NA,NA,NA,NA
"35","367",45,45,"CNAT",5,"Media Luna","45CN5ML","17","18.08913649",1.59764397907973,7.04842931946941,238080.279204085,5.956627618,1.329921139,0.605975343,NA,NA,NA,NA,NA
"36","183",55,58,"CNAT",1,"Media Luna","55CN1ML","22","25.22841226",1.63506127832715,4.36016340887241,NA,5.362368769,1.579447394,NA,NA,NA,NA,NA,NA
"37","185",55,61,"CNAT",2,"Media Luna","55CN2ML","13","18.23119777",2.76312070306722,7.34455309460449,156619.284060347,3.653629939,1.140295348,0.946213685,NA,NA,NA,NA,NA
"38","188",55,60,"CNAT",3,"Media Luna","55CN3ML","13","14.12256267",2.96865384701458,10.3097435927328,NA,1.391991817,0.382910321,NA,NA,NA,NA,NA,NA
"39","191",55,55,"CNAT",4,"Media Luna","55CN4ML","21.5","17.30362117",2.39184038955703,6.21257244040786,201908.604313255,NA,NA,0.732156466,NA,NA,NA,NA,NA
"40","192",55,63,"CNAT",5,"Media Luna","55CN5ML","35","28.16713092",2.36090783221311,4.34904074355046,NA,NA,NA,NA,NA,NA,NA,NA,NA
"41","139",15,14,"MCAV",1,"Media Luna","15MC1ML","13.5","16.39275766",3.72649320309662,11.0353610876231,529120.858119243,5.284970308,2.03038291,0.965347475,2.746,NA,NA,NA,NA
"42","146",15,22,"MCAV",2,"Media Luna","15MC2ML","15","8.448467967",2.84075173081614,8.87734915880045,693912.792520386,4.71773405,1.365913328,0.86907408,2.6,0.6245,0.9395,0.325,0.682
"43","149",15,24,"MCAV",3,"Media Luna","15MC3ML","21","26.02506964",2.98558278901113,7.90775981954298,188364.049272915,4.660037482,1.647779452,0.622990327,1.853,0.5903,0.8873,0.2852,0.647
"44","153",15,21,"MCAV",4,"Media Luna","15MC4ML","25","29.84679666",3.35044330348582,6.36584227662306,772463.317173951,4.326322736,1.553705261,0.703603655,1.789,0.4665,0.7624,0.1658,0.4316
"45","155",15,25,"MCAV",5,"Media Luna","15MC5ML","25","21.72423398",2.50296512411251,6.44441595173797,201747.61991769,3.67956971,0.816800952,0.669418472,2.223,0.5923,0.8827,0.2656,0.5878
"46","142",30,25,"MCAV",1,"Media Luna","30MC1ML","21","15.94707521",2.60079039283593,8.42787772868352,477908.951976404,3.340270821,0.886507389,0.712050209,2.113,0.5418,0.8543,0.2292,0.569
"47","210",30,34,"MCAV",2,"Media Luna","30MC2ML","35","37.23955432",3.05454783434154,3.47748522678883,766769.828127739,5.371743486,1.284272889,0.681539103,1.244,0.63,1.0951,0.3132,0.9664
"48","214",30,29,"MCAV",3,"Media Luna","30MC3ML","37","12.6545961",4.53195025323645,2.04668721113904,NA,7.708774285,2.465088554,1.229367737,1.488,0.690333333333333,1.032,0.377333333333333,0.884666666666667
"49","321",30,34,"MCAV",4,"Media Luna","30MC4ML","19","32.40668524",1.62697911278259,2.34519511752446,97960.754368718,1.387862041,0.610146482,0.347059678,0.809,0.846166666666667,NA,NA,NA
"50","318",30,31,"MCAV",5,"Media Luna","30MC5ML","17","17.56824513",2.5884770882634,9.87008085992024,238457.835873787,3.683233557,1.301883019,0.692822974,1.948,0.554,0.89125,0.254,0.59825
"51","339",45,48,"MCAV",1,"Media Luna","45MC1ML","35","38.22841226",2.47198338652634,3.29597784870179,619521.762332799,5.263348553,1.05672712,0.554302768,0.564,0.8275,NA,NA,NA
"52","353",45,48,"MCAV",2,"Media Luna","45MC2ML","23","11.17827298",3.80649140311118,9.05327685064281,516105.365848741,6.610435273,1.773104847,0.962772764,2.311,0.5647,0.8457,0.2564,0.4924
"53","364",45,40,"MCAV",3,"Media Luna","45MC3ML","22","41.40947075",1.70009417471244,2.39075743318936,76150.0515579519,2.484112084,0.72284551,0.422215336,1.637,0.589,1.0054,0.283,0.7096
"54","368",45,42,"MCAV",4,"Media Luna","45MC4ML","20","20.55710306",2.09173441775799,4.18346883551597,247278.681201494,3.875189341,1.036332792,0.491439237,1.37,0.645833333333333,1.01633333333333,0.335333333333333,0.755333333333333
"55","369",45,45,"MCAV",5,"Media Luna","45MC5ML","20","24.66573816",2.33116883131626,4.13529079642188,119852.484479629,4.404800941,1.090034274,0.629520351,1.702,0.6024,0.9682,0.2896,0.6918
"56","164",55,59,"MCAV",1,"Media Luna","55MC1ML","39","22.85236769",4.56517247644548,12.1169063860796,379186.639106628,7.954251282,2.712395094,1.29092217,1.475,0.7875,1.21925,NA,NA
"57","166",55,55,"MCAV",2,"Media Luna","55MC2ML","19","15.04735376",5.49266012604199,9.72263976333869,411423.392540749,2.333633468,0.758302768,1.453558833,0.942,0.76625,NA,NA,NA
"58","176",55,64,"MCAV",3,"Media Luna","55MC3ML","21","25.81615599",2.7860460723843,3.17243202402884,353848.187295525,4.636258591,1.33435338,0.839905943,1.726,0.5716,0.9998,0.2686,0.746
"59","177",55,63,"MCAV",4,"Media Luna","55MC4ML","23","18.49303621",2.67397951523289,3.97987648778848,122039.181363826,3.517329853,0.917174974,0.50415598,1.19,0.637,1.03583333333333,0.325333333333333,0.795
"60","181",55,63,"MCAV",5,"Media Luna","55MC5ML","25","37.4902507",1.70044208320005,2.00052009788241,188938.009222222,2.527351509,0.556978137,0.622725172,0.647,NA,NA,NA,NA
"61","140",15,23,"OFAV",1,"Media Luna","15OFA1ML","22","7.381615599",6.5568301885778,11.6234716979334,2091231.44660787,6.866069176,1.558960887,1.606727744,8.283,0.3985,0.28,0.1254,0.0596
"62","144",15,21,"OFAV",2,"Media Luna","15OFA2ML","26.5","22.34818942",2.81622366882552,6.16604761174429,978267.169170969,4.597065176,0.904600687,0.888641179,8.718,0.3837,0.2572,0.1154,0.048
"63","145",15,22,"OFAV",3,"Media Luna","15OFA3ML","13.5","11.80222841",2.83103316079611,5.37610337605727,766380.694033696,3.160481538,0.790287196,0.947896269,8.74,0.412,0.2591,0.1398,0.0516
"64","148",15,24,"OFAV",4,"Media Luna","15OFA4ML","9","8.532033426",2.7953476983952,5.2742409403683,617965.230144658,5.505999878,1.205691479,0.955484732,9.701,0.3765,0.2668,0.1204,0.0536
"65","150",15,24,"OFAV",5,"Media Luna","15OFA5ML","18","13.23398329",2.89028625484988,5.84857924510799,978163.544333748,5.478747284,1.581768659,0.744987094,7.705,0.363,0.2186,0.11,0.0384
"66","156",15,20,"OFAV",6,"Media Luna","15OFA6ML","16.5","11.90529248",2.84117337367591,4.57359616250268,1138779.24656833,5.081889009,1.180819373,0.674665451,9.33,0.3601,0.2345,0.1004,0.0418
"67","328",30,31,"OFAV",1,"Media Luna","30OFA1ML","17.5","8.208913649",4.15706650832623,7.67458432306382,1838702.49406737,7.014889846,1.641135243,1.264235829,9.427,0.3328,0.2201,0.0916,0.0368
"68","329",30,32,"OFAV",2,"Media Luna","30OFA2ML","16.5","16.78551532",2.4083264188996,3.04727016268929,475521.593935789,0.397365668,0.094047604,0.807701134,6.993,0.417,0.2632,0.1374,0.0524
"69","330",30,30,"OFAV",3,"Media Luna","30OFA3ML","10.5","7.671309192",2.08732298480403,4.92745098052098,1471391.6122389,6.093602973,1.13150015,0.713530948,8.867,0.3804,0.2462,0.1098,0.045
"70","331",30,31,"OFAV",4,"Media Luna","30OFA4ML","14.5","8.933147632",2.51591050835104,3.73328656077896,1397277.1801215,0.151144,0.097471243,1.245313507,6.563,0.3897,0.2485,0.1198,0.0472
"71","333",30,32,"OFAV",5,"Media Luna","30OFA5ML","17.5","35.05013928",0.898712548568223,2.09699594665919,128721.849404303,1.210457625,0.309157117,0.240086752,7.829,0.3526,0.245,0.0946,0.0446
"72","338",45,45,"OFAV",1,"Media Luna","45OFA1ML","19.5","5.208913649",4.77306818184115,7.86152406420896,865703.542784915,4.270648162,0.489005515,0.528308363,9.231,0.3507,0.2185,0.102,0.0356
"73","343",45,46,"OFAV",2,"Media Luna","45OFA2ML","27.5","12.5264624",4.28093729000456,5.04931064974897,1220250.07361616,5.157431758,1.313369607,0.750219375,6.131,0.4582,0.2967,0.1668,0.0678
"74","350",45,47,"OFAV",3,"Media Luna","45OFA3ML","40.5","17.43175487",3.89160474696372,5.57603068221668,951281.16026565,2.686039808,0.656577613,0.681197576,5.961,0.4396,0.2924,0.1574,0.0676
"75","363",45,40,"OFAV",4,"Media Luna","45OFA4ML","23","10.42339833",3.80634019193239,8.38498129237281,1094705.89092416,6.308153821,1.407959721,0.777852741,7.365,0.3937,0.224,0.1288,0.038
"76","366",45,44,"OFAV",5,"Media Luna","45OFA5ML","38.5","13.2005571",NA,NA,1693215.57577293,5.31311604,1.514633992,0.938479189,7.313,0.4152,0.2515,0.1392,0.047
"77","161",55,54,"OFAV",1,"Media Luna","55OFA1ML","28","8.972144847",2.7306737037568,6.24153989430126,996045.741569602,5.351522312,2.006342999,0.544756061,8.447,0.4046,0.2497,0.1248,0.048
"78","180",55,59,"OFAV",2,"Media Luna","55OFA2ML","23","23.03064067",2.39680696646465,2.19707305259259,987018.42435111,3.693071745,0.729078719,0.568543604,5.986,0.4319,0.2795,0.1416,0.0606
"79","182",55,63,"OFAV",3,"Media Luna","55OFA3ML","17","11.30362117",4.09824420893964,4.66222276980289,2794827.08999881,12.01048743,1.947793956,1.102747909,8.885,0.3976,0.2383,0.1194,0.0434
"80","190",55,62,"OFAV",4,"Media Luna","55OFA4ML","26.5","12.74094708",3.79583242096003,3.11986226380276,1958580.19901218,5.930667505,1.145613423,0.682727918,6.515,0.3931,0.2434,0.1252,0.0438
"81","195",55,62,"OFAV",5,"Media Luna","55OFA5ML","14.5","9.935933148",1.27693089426169,6.56707317048869,938848.238398997,4.86845105,1.233150406,1.205410637,9.662,0.3793,0.2258,0.1086,0.0392
"82","307",15,25,"OFRA",1,"Media Luna","15OFR1ML","19.5","10.85793872",3.41224987130891,5.74694715167816,2155105.18187931,7.665484642,2.514917951,NA,7.186,0.4489,0.2524,0.1518,0.0464
"83","308",15,25,"OFRA",2,"Media Luna","15OFR2ML","21","12.6545961",4.02422958406393,7.13574730370099,1966479.19881062,6.175297843,1.571067527,1.177415247,9.029,0.3919,0.2149,0.116,0.0336
"84","310",15,25,"OFRA",3,"Media Luna","15OFR3ML","23.5","13.22562674",3.1094934711578,4.08676284780739,359072.46030066,4.061487108,0.85995263,0.988567735,10.171,0.3517,0.2261,0.1,0.0398
"85","311",15,25,"OFRA",4,"Media Luna","15OFR4ML","25","17.91643454",2.51166044781586,5.58146766181303,1483740.15296684,4.984297134,1.199562053,0.718383924,7.845,0.3653,0.2324,0.1068,0.0416
"86","312",15,26,"OFRA",5,"Media Luna","15OFR5ML","21","11.57381616",3.12990974620768,5.08043321123566,1147129.56233789,5.625823765,1.465614259,NA,7.5,0.4754,0.2744,0.1644,0.0558
"87","313",30,29,"OFRA",1,"Media Luna","30OFR1ML","30","6.119777159",3.30894401444332,8.82385070518219,1266385.98067293,5.252397132,1.297473714,0.549056047,7.257,0.3601,0.2402,0.1078,0.0454
"88","317",30,32,"OFRA",2,"Media Luna","30OFR2ML","27.5","19.22562674",1.93101637216119,9.01140973675223,1014379.58813976,2.48694645,0.62032113,0.487262927,6.997,0.4457,0.2576,0.1596,0.052
"89","213",30,31,"OFRA",3,"Media Luna","30OFR3ML","26.5","25.93036212",2.81041196658768,2.55491996962517,707712.831586171,3.114651837,0.659475943,0.536065063,9.019,0.3939,0.2672,0.12,0.055
"90","332",30,36,"OFRA",4,"Media Luna","30OFR4ML","26.5","15.22562674",2.61072996723155,4.52526527653469,1151621.9967146,3.681810944,0.85853855,0.621058147,6.548,0.4192,0.2421,0.1416,0.0454
"91","334",30,35,"OFRA",5,"Media Luna","30OFR5ML","30.5","6.125348189",5.60172237418584,7.96689404328652,588180.849289513,2.434384061,0.565649477,0.254274798,5.592,0.4559,0.2731,0.1626,0.0592
"92","345",45,45,"OFRA",1,"Media Luna","45OFR1ML","30","15.61002786",2.35425588791998,4.42023554466609,876039.435780994,5.091438703,1.354177596,0.481603394,5.626,0.4362,0.226,0.1598,0.045
"93","347",45,46,"OFRA",2,"Media Luna","45OFR2ML","21.5","15.95543175",2.69500698406359,4.58151187290811,495207.533321685,4.304240571,1.138943639,0.465569979,4.014,0.5323,0.3113,0.2196,0.0768
"94","371",45,45,"OFRA",3,"Media Luna","45OFR3ML","20.5","16.03899721",2.49236280028008,3.8344043081232,1196121.12163027,NA,NA,0.440913443,5.488,0.4375,0.2627,0.1558,0.0544
"95","372",45,42,"OFRA",4,"Media Luna","45OFR4ML","32","12.59888579",5.20680964121987,9.1436657114105,2459476.74914196,8.920894689,1.491877958,1.182992042,7.229,0.427,0.2697,0.1438,0.0568
"96","373",45,45,"OFRA",5,"Media Luna","45OFR5ML","23.5","18.45961003",2.25966312030482,4.45567375834754,987674.349724603,3.305982624,0.661476596,0.454262522,5.468,0.4359,0.2817,0.1456,0.0608
"97","170",55,52,"OFRA",1,"Media Luna","55OFR1ML","25","16.89693593",3.21803907082697,9.17326079959871,1422841.79611611,3.483632096,1.147878235,NA,5.36,0.4597,0.2838,0.172,0.0602
"98","187",55,60,"OFRA",2,"Media Luna","55OFR2ML","33","18.87465181",2.84111201307506,4.89545454560626,1215121.75328441,2.481077557,0.62229095,0.703072112,5.408,0.4687,0.2825,0.1808,0.063
"99","189",55,63,"OFRA",3,"Media Luna","55OFR3ML","25.5","16.60724234",2.34159887619247,2.61030694395226,436330.719603987,3.573868484,1.101204049,0.422871241,6.835,0.3843,0.2176,0.1174,0.0384
"100","193",55,60,"OFRA",4,"Media Luna","55OFR4ML","18.5","6.526462396",3.96845924001245,5.95268886001868,656685.517191786,4.637475327,1.067657266,0.289971249,6.25,0.4468,0.2727,0.1544,0.0572
"101","194",55,64,"OFRA",5,"Media Luna","55OFR5ML","22.5","9.420612813",3.04518406280456,5.73211117704387,802760.94027706,3.254067767,0.839515449,0.442670756,6.313,0.4715,0.2876,0.1802,0.063
"102","128",15,15,"PAST",1,"Media Luna","15PA1ML","16","4.568245125",2.53926829287647,5.2536585369858,570240.853702,4.662505204,1.658229756,1.191224768,49.02,0.1597,0.1004,0.021,0.008
"103","130",15,15,"PAST",2,"Media Luna","15PA2ML","15","3.871866295",4.55206834563485,12.3971223030056,484262.589961155,11.69019577,2.79748813,1.472230385,50.167,0.1562,0.0876,0.0188,0.0062
"104","132",15,13,"PAST",3,"Media Luna","15PA3ML","15.5","6.286908078",4.12961342489665,6.90323438191679,503874.473858659,4.932258239,1.361293166,0.842516876,60.501,0.1459,0.0992,0.0182,0.0072
"105","133",15,13,"PAST",4,"Media Luna","15PA4ML","22.5","16.8718663",3.33395245077304,4.80089152911317,560844.890111534,4.505992322,1.377655832,0.856294941,64.182,0.1468,0.082,0.017,0.0056
"106","136",15,14,"PAST",5,"Media Luna","15PA5ML","15","5.498607242",2.25056990895368,8.18389057801339,635104.008397914,3.145091882,1.140425152,1.167604665,76.449,0.124,0.0723,0.012,0.0044
"107","315",30,29,"PAST",1,"Media Luna","30PA1ML","27","18.55153203",0.218310810851129,12.5164864887981,674337.837913864,7.460383853,2.195988446,0.905479162,53.358,0.1634,0.0754,0.0216,0.0044
"108","316",30,32,"PAST",2,"Media Luna","30PA2ML","Missing","MISSING",NA,NA,NA,NA,NA,NA,NA,NA,NA,NA,NA
"109","217",30,31,"PAST",3,"Media Luna","30PA3ML","19","16.3816156",1.30481635767354,10.9024655663389,481332.256386238,5.697398471,1.568882193,0.407610143,49.219,0.1674,0.0778,0.021,0.005
"110","322",30,33,"PAST",4,"Media Luna","30PA4ML","19.5","23.15877437",1.38932222776347,NA,281372.835044811,3.478582187,1.008226931,0.419421976,44.465,0.1572,0.0831,0.0198,0.0052
"111","326",30,31,"PAST",5,"Media Luna","30PA5ML","13.5","6.309192201",NA,7.70304635707515,NA,3.8968499,1.15952245,0.803908073,46.766,0.1509,0.0892,0.0178,0.0066
"112","336",45,45,"PAST",1,"Media Luna","45PA1ML","23","12.03342618",0.47783564830079,8.21877315077359,575791.956202452,7.563612693,1.837564769,0.680993982,41.975,0.1712,0.1006,0.0246,0.0082
"113","340",45,44,"PAST",2,"Media Luna","45PA2ML","21","4.43454039",1.18388819094734,NA,1675201.79019048,12.81124874,3.464648791,1.774060965,49.96,0.1515,0.0933,0.018,0.0066
"114","351",45,46,"PAST",3,"Media Luna","45PA3ML","15","12.8913649",1.7453543650758,NA,549301.804303127,4.570016477,1.181750351,0.595281667,42.434,0.1876,0.1044,0.0236,0.0088
"115","354",45,48,"PAST",4,"Media Luna","45PA4ML","37.5","20.83844011",0.40490074859063,11.5171768488001,2621357.43962363,12.76004219,2.842358266,1.089510262,64.769,0.1234,0.0721,0.0118,0.0042
"116","360",45,40,"PAST",5,"Media Luna","45PA5ML","18.5","8.167130919",2.20854791956837,7.47508526623142,852980.847140991,8.502437578,1.765988894,0.890126359,48.204,0.1546,0.077,0.0192,0.0048
"117","167",55,54,"PAST",1,"Media Luna","55PA1ML","25","10.20334262",0.735053234936846,12.2508872489474,NA,13.9066355,3.543630391,1.10023914,45.267,0.1645,0.085,0.0198,0.0058
"118","172",55,50,"PAST",2,"Media Luna","55PA2ML","13.5","3.339832869",0.404211843212446,4.4463302753369,NA,3.993040377,0.814891076,0.646731024,44.86,0.1766,0.0914,0.0218,0.0064
"119","178",55,62,"PAST",3,"Media Luna","55PA3ML","26.5","20.19777159",0.55761101910748,9.05297889845085,559251.051516619,7.155220863,1.637375557,0.867217989,43.382,0.1624,0.0889,0.0208,0.0068
"120","184",55,61,"PAST",4,"Media Luna","55PA4ML","33","14.03899721",NA,15.748988100269,1390209.1840504,16.65596527,4.190288603,1.101155747,50,0.0794,0.1448,0.005,0.0158
"121","186",55,65,"PAST",5,"Media Luna","55PA5ML","15.5","4.264623955",3.08936969332387,7.26910516076206,350961.483543043,5.492263268,1.675983059,0.538401484,35.863,0.179,0.0893,0.026,0.0066
"122","129",15,16,"PPOR",1,"Media Luna","15PP1ML","15","5.066852368",6.73495052185029,5.92083562360465,509438.565015637,4.517548241,0.687853079,2.362264955,58.82352941,0.161,0.1245,0.0192,0.012
"123","131",15,15,"PPOR",2,"Media Luna","15PP2ML","31.5","20.5821727",3.63482034139185,5.20353227820307,723775.629433427,6.437687699,1.864624574,0.649275997,55.55555556,0.1727,0.1235,0.0222,0.0126
"124","135",15,14,"PPOR",3,"Media Luna","15PP3ML","20.5","8.509749304",4.87822831402179,12.0450081827698,1496592.26670915,13.60280917,3.560323744,0.836220792,42.61363636,0.1833,0.1381,0.027,0.015
"125","137",15,14,"PPOR",4,"Media Luna","15PP4ML","15","6.679665738",4.49124270236051,8.53336113448496,2118369.47453852,9.779662271,3.887844245,2.609309787,54.83028721,0.1601,0.1159,0.02,0.0108
"126","138",15,16,"PPOR",5,"Media Luna","15PP5ML","34.5","5.955431755",6.08268241334251,6.95163704382001,818265.610366313,NA,NA,1.142428563,48.7804878,0.1981,0.1462,0.0278,0.0172
"127","314",30,29,"PPOR",1,"Media Luna","30PP1ML","Missing? ","4.805013928",NA,NA,NA,NA,NA,NA,45.97701149,0.2068,0.1498,0.0308,0.0176
"128","319",30,31,"PPOR",2,"Media Luna","30PP2ML","16","13.77715877",1.71298018655264,2.90335624839431,NA,3.071731555,1.028049414,0.351148504,33.67875648,0.2454,0.1818,0.0454,0.0252
"129","215",30,30,"PPOR",3,"Media Luna","30PP3ML","36.5","3.749303621",NA,NA,NA,NA,NA,NA,59.19003115,0.161,0.1181,0.0198,0.0118
"130","219",30,31,"PPOR",4,"Media Luna","30PP4ML","14","3.04735376",4.0198811706062,0.459414990926423,NA,11.37637857,1.945507633,0.744964855,51.6853933,0.1609,0.1108,0.0202,0.0102
"131","324",30,33,"PPOR",5,"Media Luna","30PP5ML","22.5","5.729805014",5.3012275157327,7.06830335431027,1973234.68641162,19.01547038,4.342981557,3.429899739,36.10675039,0.1875,0.1343,0.0258,0.016
"132","341",45,44,"PPOR",1,"Media Luna","45PP1ML","23","MISSING",NA,NA,NA,NA,NA,NA,NA,NA,NA,NA,NA
"133","346",45,46,"PPOR",2,"Media Luna","45PP2ML","14.5","4.192200557",5.0152657808542,10.0305315617084,485673.726594565,11.62832606,3.281713223,1.590461832,36.39514731,0.182,0.1301,0.0236,0.0136
"134","349",45,46,"PPOR",3,"Media Luna","45PP3ML","16","4.200557103",6.7610079576628,6.4753315650855,1974341.29079616,10.97397294,1.891463395,0.827167414,45.55808656,0.172,0.1158,0.0228,0.0108
"135","365",45,45,"PPOR",4,"Media Luna","45PP4ML","15","4.064066852",5.62859835554693,2.95270733405741,999614.461927655,8.725650018,1.363689428,2.039522689,51.79282869,0.1546,0.106,0.0176,0.0086
"136","370",45,44,"PPOR",5,"Media Luna","45PP5ML","20","5.922005571",6.58560677331724,11.8203198495438,2169873.00095196,NA,4.671559266,1.48738941,37.73584906,0.2126,0.1572,0.033,0.019
"137","162",55,57,"PPOR",1,"Media Luna","55PP1ML","14","3.830083565",4.0208000004825,2.55869090939795,1635734.54565083,3.150479564,1.210717709,0.482335904,38.18615752,0.2103,0.1595,0.0334,0.0202
"138","165",55,54,"PPOR",2,"Media Luna","55PP2ML","15","5.601671309",3.6149925411484,8.30109398337781,1258552.95877018,4.873857907,1.571986201,0.906412848,27.71362587,0.22475,0.15625,0.04025,0.0205
"139","169",55,52,"PPOR",3,"Media Luna","55PP3ML","23.5","5.791086351",5.98549182296591,18.2608225107435,1550479.09637879,NA,NA,1.075988254,45.18950437,0.1757,0.1257,0.023,0.0134
"140","174",55,56,"PPOR",4,"Media Luna","55PP4ML","15","6.73816156",3.28353658531156,3.5618023976261,1335675.89910979,2.908156004,0.722378049,0.560256555,33.67875648,0.2,0.1384,0.0296,0.0152
"141","179",55,59,"PPOR",5,"Media Luna","55PP5ML","17.5","5.877437326",3.87073459709403,3.57298578193295,1273939.57356679,NA,NA,0.808763568,46.77419355,0.1784,0.1366,0.0244,0.0144
"142","5",15,15,"AAGA",1,"Turrumote","15AA1AT","11","3.913649025",1.96747330964355,5.62135231326728,167469.454323386,2.984727278,0.752418007,0.952915874,19.689,0.2943,0.1497,0.0722,0.0196
"143","5",15,15,"AAGA",1,"Turrumote","15AA1BT","10","2.991643454",0.752094972076843,4.01117318440983,27855.3693250372,1.536920003,0.485519088,0.624945278,17.986,0.3114,0.1442,0.0758,0.0188
"144","7",15,15,"AAGA",2,"Turrumote","15AA2AT","13","3.579387187",2.17914396864605,5.08466926017412,245153.696472681,3.414839662,0.787124961,0.87879969,15.625,0.334,0.1711,0.082,0.0232
"145","7",15,15,"AAGA",2,"Turrumote","15AA2BT","12","2.490250696",1.56610738278858,5.30067114174596,861359.060533719,1.361549665,0.2154,0.235683355,10.345,0.2635,0.1285,0.056,0.017
"146","263",15,16,"AAGA",3,"Turrumote","15AA3T","33.5","11.20334262",2.76591558886021,5.08330432547282,874627.361882823,7.508862788,1.63510464,1.200823773,12.603,0.3534,0.172,0.0934,0.0234
"147","265",15,16,"AAGA",4,"Turrumote","15AA4T","13","5.086350975",4.66444414013329,5.3673055859068,55110.7269981502,6.38705105,1.693832188,1.27174121,11.494,0.3482,0.2076,0.1016,0.0338
"148","268",15,15,"AAGA",5,"Turrumote","15AA5T","39","23.5097493",4.39604857887617,3.64954976359531,271642.624449424,7.677602075,1.613059523,1.096484432,11.688,0.3299,0.1823,0.0912,0.0284
"149","92/ PAN 82",30,31,"AAGA",1,"Turrumote","30AA1T","12","4.593314763",3.06967859324123,1.04499696791191,283020.012055725,2.577985749,0.644632505,0.382772949,9.402,0.35,0.1522,0.1156,0.017
"150","100/ PAN 90",30,29,"AAGA",2,"Turrumote","30AA2T","23","13.6908078",3.77990844338637,4.03190233961213,324792.132857201,4.219567794,0.880718667,1.29975575,13.682,0.3311,0.1932,0.0876,0.0298
"151","115",30,30,"AAGA",3,"Turrumote","30AA3T","16","6.295264624",4.57486725660478,3.55823008847038,1566256.63715705,5.657479941,1.563079646,1.220783277,11.705,0.3384,0.1908,0.0918,0.0284
"152","120",30,30,"AAGA",4,"Turrumote","30AA4T","33","11.70194986",4.3005653418515,1.97402999298102,915338.907365648,5.382075274,1.260418151,1.491396752,9.201,0.4083,0.1827,0.1366,0.0272
"153","121",30,30,"AAGA",5,"Turrumote","30AA5T","15","5.693593315",5.53253424634527,7.90362035192182,145723.000238558,5.578704562,1.061653804,1.144666822,13.559,0.298,0.1508,0.0818,0.019
"154","25",45,47,"AAGA",1,"Turrumote","45AA1T","30","20.71030641",2.46254203054063,0.289710827122427,550450.571532611,3.106424344,0.668688803,0.670775583,10.281,0.3576,0.1857,0.0984,0.0254
"155","26",45,46,"AAGA",2,"Turrumote","45AA2T","33","16.63509749",4.31467263976942,3.37238781039449,576116.251008518,4.982620333,1.039984888,1.145401786,8.065,0.477,0.1632,0.1812,0.0222
"156","28",45,46,"AAGA",3,"Turrumote","45AA3T","25","14.35654596",4.04867578608023,6.79132712503781,581725.05582255,4.785549291,1.601490711,1.226126309,8.787,0.4225,0.1723,0.1436,0.0186
"157","30",45,47,"AAGA",4,"Turrumote","45AA4T","22","9.423398329",5.48634348193645,4.66922849526506,357974.184559168,4.559345985,1.324368297,1.465067934,9.825,0.3156,0.1574,0.0856,0.0188
"158","34",45,45,"AAGA",5,"Turrumote","45AA5T","17","6.300835655",4.31688770971444,4.58669319157159,108765.334873664,3.397615465,0.85541828,1.22027697,10.972,0.3868,0.1659,0.119,0.0202
"159","55",55,54,"AAGA",1,"Turrumote","55AA1T","13","9.359331476",3.92389136918309,3.61136904774373,162772.042416334,5.30401309,1.14754724,1.312080151,11.948,0.3569,0.1807,0.1062,0.0244
"160","59",55,56,"AAGA",2,"Turrumote","55AA2T","14","6.35097493",2.47993421066772,2.20438596503797,558182.017544195,6.27149644,1.811343947,0.831763945,8.513,0.3777,0.2024,0.1096,0.0322
"161","62",55,54,"AAGA",3,"Turrumote","55AA3T","17","5.849582173",3.48742857125088,4.64990476166784,405958.482122173,5.729409214,1.696634,1.129481837,5.45,0.5463,0.2287,0.2504,0.0376
"162","65",55,56,"AAGA",4,"Turrumote","55AA4T","14","10.22841226",3.25074890948911,3.01122004247412,485901.415944687,9.428529168,2.372430773,1.225781474,3.296,NA,NA,NA,NA
"163","69",55,54,"AAGA",5,"Turrumote","55AA5T","20","8.456824513",3.13356389969588,4.96640316178215,755799.846168571,6.061357103,1.784180336,1.102780816,12.261,0.3294,0.1284,0.0738,0.0118
"164","10",15,15,"CNAT",1,"Turrumote","15CN1AT","16","3.571030641",NA,NA,1100522.62080268,11.88907935,2.347893604,3.538970968,NA,NA,NA,NA,NA
"165","10",15,15,"CNAT",1,"Turrumote","15CN1BT","17","MISSING",NA,NA,NA,NA,NA,NA,NA,NA,NA,NA,NA
"166","201",15,15,"CNAT",2,"Turrumote","15CN2T","17","21.77994429",3.57094577306653,13.1129811994574,130007.793513966,1.451234964,0.413527229,1.737412656,NA,NA,NA,NA,NA
"167","208",15,16,"CNAT",3,"Turrumote","15CN3T","12","16.08635097",2.40576623450359,14.2481039004708,145931.168875896,2.966141923,1.01353626,1.003562556,NA,NA,NA,NA,NA
"168","269",15,15,"CNAT",4,"Turrumote","15CN4T","16","17.71030641",1.87461465834684,3.79440075424421,NA,1.887631561,0.716238314,0.354037889,NA,NA,NA,NA,NA
"169","272",15,22,"CNAT",5,"Turrumote","15CN5T","24","15.9275766",2.86295907690063,7.23273872059105,NA,7.565369361,1.749983736,0.809892426,NA,NA,NA,NA,NA
"170","94/ PAN 84",30,31,"CNAT",1,"Turrumote","30CN1T","36","60.38718663",1.74374740530945,3.39807186675688,467980.072877921,3.118332059,0.879668403,0.482451352,NA,NA,NA,NA,NA
"171","99/ PAN 89",30,30,"CNAT",2,"Turrumote","30CN2T","22","19.71309192",2.06461777610379,6.13805284787613,416643.587212574,4.582893458,0.719965699,0.746081423,NA,NA,NA,NA,NA
"172","101/ PAN 91",30,30,"CNAT",3,"Turrumote","30CN3T","20","42.99721448",1.84895698387576,4.32586162265272,591898.808045763,3.972978298,1.208229431,0.728356391,NA,NA,NA,NA,NA
"173","111",30,30,"CNAT",4,"Turrumote","30CN4T","16","18.25348189",1.53395391458654,1.31481764107418,NA,2.71085449,0.651316832,0.543923667,NA,NA,NA,NA,NA
"174","114",30,30,"CNAT",5,"Turrumote","30CN5T","23","14.76044568",3.58390262373162,6.54451783464034,538451.070591251,4.121462047,1.379374,1.206407291,NA,NA,NA,NA,NA
"175","18",45,45,"CNAT",1,"Turrumote","45CN1T","25","42.80501393",2.21936617414389,8.05980347452255,92351.9148122375,2.399801618,1.017535588,0.854062159,NA,NA,NA,NA,NA
"176","23",45,46,"CNAT",2,"Turrumote","45CN2T","20","24.25626741",2.32929490118942,8.24529168562625,594348.108978075,1.223724966,0.331852377,0.961622485,NA,NA,NA,NA,NA
"177","39",45,47,"CNAT",3,"Turrumote","45CN3T","13.5","16.1448468",4.55718167607512,18.2287267043005,NA,9.936481714,3.008178901,1.140699592,NA,NA,NA,NA,NA
"178","42",45,42,"CNAT",4,"Turrumote","45CN4T","19","31.17270195",2.07232597622164,7.49694397280182,NA,0.766892671,0.220763667,1.052683916,NA,NA,NA,NA,NA
"179","43",45,44,"CNAT",5,"Turrumote","45CN5T","29","26.02228412",0.807961357390636,5.46070434650223,216268.966784304,5.723756133,1.652977494,1.887476707,NA,NA,NA,NA,NA
"180","45",45,47,"CNAT",6,"Turrumote","45CN6T","38","50.39554318",2.43176265731044,5.57985850049528,346018.252366419,6.074643656,1.75380985,0.743594358,NA,NA,NA,NA,NA
"181","50",45,44,"CNAT",7,"Turrumote","45CN7T","17.5","14.25905292",4.72506837431669,15.4638601341273,727510.52750143,6.881366623,1.911811756,0.993214822,NA,NA,NA,NA,NA
"182","66",55,53,"CNAT",1,"Turrumote","55CN1T","26","45.52367688",2.27024720064747,8.73830997985064,457856.982623412,1.103892233,0.353230475,1.04892639,NA,NA,NA,NA,NA
"183","67",55,53,"CNAT",2,"Turrumote","55CN2T","16","4.066852368",5.80301369818497,15.7369863001626,NA,8.628556803,1.579009863,1.27443992,NA,NA,NA,NA,NA
"184","80",55,53,"CNAT",3,"Turrumote","55CN3T","16","19.24233983",2.99339895817649,12.8050955433105,160843.225270074,2.380133276,0.734526057,0.497587212,NA,NA,NA,NA,NA
"185","81",55,53,"CNAT",4,"Turrumote","55CN4T","37","30.53760446",3.81660585566442,7.87553589264087,NA,8.303864077,2.439326081,1.410461883,NA,NA,NA,NA,NA
"186","84",55,55,"CNAT",5,"Turrumote","55CN5T","20","30.20334262",4.51936733352197,5.23120907469943,86910.910260038,2.896445418,0.875350134,0.588376307,NA,NA,NA,NA,NA
"187","87",55,53,"CNAT",6,"Turrumote","55CN6T","15","9.384401114",2.55743544083979,7.99198575262434,253460.119628898,4.901031983,1.057859194,1.006508807,NA,NA,NA,NA,NA
"188","71",15,16,"MCAV",1,"Turrumote","15MC1T","17","46.25348189",1.97552694989121,6.76273411683688,184688.798571225,0.744807351,0.241087796,0.536868434,1.091,0.5226,0.9948,0.2074,0.8164
"189","258",15,18,"MCAV",2,"Turrumote","15MC2T","37","26.98328691",5.45059615941355,6.85609579800447,1004418.03440765,5.41149356,2.490442518,1.018740019,1.664,0.5668,0.9755,0.2428,0.758
"190","206",15,15,"MCAV",3,"Turrumote","15MC3T","18.5","20.02785515",3.09444019520982,6.0965090413089,402328.542834503,3.347329856,1.35841306,0.623005872,1.647,0.5315,0.843833333333333,0.23,0.582
"191","207",15,16,"MCAV",4,"Turrumote","15MC4T","23","20.62952646",3.90217391349661,4.57111801295317,671731.36653763,7.116682584,1.686714674,0.765786058,2.322,0.4542,0.7718,0.164,0.4622
"192","261",15,15,"MCAV",5,"Turrumote","15MC5T","15.5","11.40947075",5.26426696873735,8.83038330239814,889830.93278012,6.091809736,1.991896732,0.962418962,2.271,0.5066,0.796,0.205,0.4462
"193","98/ PAN 88",30,31,"MCAV",1,"Turrumote","30MC1T","23","32.02228412",3.84263656954899,8.11622303474834,324010.477092101,3.221889157,1.004472382,0.539042497,2.062,0.5393,0.8811,0.2304,0.5876
"194","122",30,31,"MCAV",2,"Turrumote","30MC2T","15","19.04456825",3.66246160503008,4.80451952487818,795502.413135567,4.959163356,1.566253674,0.774172023,1.602,0.6514,1.082,0.3596,0.922
"195","123",30,32,"MCAV",3,"Turrumote","30MC3T","17","7.389972145",5.34846400290457,3.22058047486727,660410.698489852,5.144992329,1.30393252,1.147118221,3.373,0.506,0.767833333333333,0.220333333333333,0.489
"196","124",30,30,"MCAV",4,"Turrumote","30MC4T","20","32.65738162",3.00085295080678,7.16530194376312,328664.847013537,3.80933275,1.232661591,0.711602965,1.374,0.5535,0.9748,0.2516,0.7104
"197","125",30,30,"MCAV",5,"Turrumote","30MC5T","23","17.03342618",4.32091578184184,3.24068683638138,869809.348837651,5.351926796,1.476976783,1.527465752,1.49,0.5376,1.0027,0.2472,0.7038
"198","12",45,45,"MCAV",1,"Turrumote","45MC1T","37","34.36211699",3.49949335295596,3.76868514933719,452690.870950323,2.861158846,0.828383915,0.701265593,0.994,0.7975,NA,NA,NA
"199","13",45,49,"MCAV",2,"Turrumote","45MC2T","43","29.58495822",2.83421052605428,4.2149797566961,209840.587025172,3.351369163,1.215222267,0.588389162,1.403,0.6022,0.967,0.291,0.7
"200","14",45,44,"MCAV",3,"Turrumote","45MC3T","19.5","36.22841226",2.31448177740263,3.44481008729694,90926.0698111533,3.897968575,1.065495908,0.529347493,0.871,0.78575,NA,NA,NA
"201","16",45,46,"MCAV",4,"Turrumote","45MC4T","25","37.06406685",3.0858729146718,5.19370960502139,294254.001972803,3.128108341,0.925879913,0.725549024,1.682,0.5289,0.911,0.2262,0.6556
"202","20",45,46,"MCAV",5,"Turrumote","45MC5T","25","30.38718663",2.22133101105714,3.7022183517619,403718.096442283,2.223086137,0.713355773,0.479020494,0.78,0.70875,1.058,0.4175,0.899
"203","56",55,54,"MCAV",1,"Turrumote","55MC1T","17","24.00835655",3.62894477256503,6.93925049192924,152902.490112344,3.840178862,1.223644773,0.682626685,2.054,0.534,0.861,0.2292,0.5506
"204","60",55,57,"MCAV",2,"Turrumote","55MC2T","24.5","24.4178273",5.04191050609978,12.1407198256333,246765.147282371,7.812946193,2.936649486,0.674563325,1.561,0.6518,0.9977,0.3636,0.8182
"205","61",55,54,"MCAV",3,"Turrumote","55MC3T","17.5","34.4178273",2.79651586258032,4.83034558082055,280499.015324247,0.883182081,0.460014148,0.905304747,1.827,0.5172,0.8254,0.2208,0.5628
"206","73",55,55,"MCAV",4,"Turrumote","55MC4T","20","19.16155989",3.36611426054416,3.54877162351942,354007.365420186,4.564398749,1.426893226,0.692149624,1.285,0.6817,1.0454,0.3874,0.93
"207","77",55,54,"MCAV",5,"Turrumote","55MC5T","22","27.81058496",1.93811097743986,2.76872996777124,76387.2821465457,2.499602823,0.872248823,0.55401708,0.921,0.5803,1.0231,0.2664,0.925
"208","2",15,15,"OFAV",2,"Turrumote","15OF2AT",NA,"MISSING",NA,NA,NA,NA,NA,NA,NA,NA,NA,NA,NA
"209","2",15,15,"OFAV",2,"Turrumote","15OF2BT",NA,"MISSING",NA,NA,NA,NA,NA,NA,NA,NA,NA,NA,NA
"210","1",15,15,"OFAV",1,"Turrumote","15OFA1AT","19.5","4.325905292",4.84580650407822,5.86004507469924,719358.097160579,4.281251264,0.963301256,1.525843599,13.514,0.3229,0.2373,0.0826,0.0444
"211","1",15,15,"OFAV",1,"Turrumote","15OFA1BT",NA,"MISSING",NA,NA,NA,NA,NA,NA,NA,NA,NA,NA,NA
"212","72",15,15,"OFAV",3,"Turrumote","15OFA3T","22","16.33147632",1.21238273944361,1.21238273944361,NA,1.063439275,0.265915948,0.288176171,7.884,0.4014,0.2459,0.117,0.0436
"213","259",15,15,"OFAV",4,"Turrumote","15OFA4T","15","9.896935933",1.21249648186441,4.84998592745765,909372.36139831,4.58312303,0.683848016,0.409230182,8.975,0.4073,0.2435,0.1282,0.0466
"214","264",15,15,"OFAV",5,"Turrumote","15OFA5T","17.5","9.47632312",2.58539094644126,6.83281892988047,1769761.65970478,6.282977066,0.818230067,1.121043331,7.136,0.4161,0.2543,0.1288,0.0498
"215","91/PAN 81",30,30,"OFAV",1,"Turrumote","30OFA1T","25.5","21.34261838",1.34414154295533,2.38958496525392,176729.721428398,1.383221214,0.256731035,0.443090094,6.761,0.4375,0.258,0.1408,0.0526
"216","97/ PAN 87",30,30,"OFAV",2,"Turrumote","30OFA2T","28","18.7632312",3.3576306409314,4.17838479760352,863035.431360031,6.855125252,1.835168987,1.037864956,5.247,0.4139,0.2478,0.13,0.0474
"217","108",30,30,"OFAV",3,"Turrumote","30OFA3T","37","26.41504178",3.43175682836266,5.74293999848445,1620162.74800683,6.70732203,1.384853952,1.184928954,7.566,0.3784,0.2366,0.11,0.0422
"218","117",30,30,"OFAV",4,"Turrumote","30OFA4T","17.5","8.922005571",4.26613721512549,5.88432719327653,1840486.783165,8.680461403,1.462157235,1.382143751,9.445,0.4323,0.2728,0.142,0.0558
"219","119",30,28,"OFAV",5,"Turrumote","30OFA5T","25.5","27.16155989",1.40824018042065,3.47365911170428,733849.605161613,3.417618976,0.723624217,0.522830665,9.804,0.4364,0.2794,0.1514,0.061
"220","24",45,46,"OFAV",1,"Turrumote","45OFA1T","19","14.30362117",1.29512658227091,4.51633885099601,904374.715951737,3.677296076,0.617875005,0.460379795,5.342,0.4601,0.3148,0.1768,0.0712
"221","29",45,47,"OFAV",2,"Turrumote","45OFA2T","20.5","19.01671309",NA,NA,901925.931478099,2.75608442,0.670515453,0.570106369,4.809,0.4737,0.2489,0.182,0.05
"222","48",45,45,"OFAV",3,"Turrumote","45OFA3T","30.5","23.56824513",3.55881396927748,3.75293109487444,1624113.28416118,5.696992539,1.206243818,1.033336083,5.487,0.4317,0.2774,0.1516,0.059
"223","52",45,44,"OFAV",4,"Turrumote","45OFA4T","20","15.16991643",2.57087770917931,9.49247154158515,2091859.46978879,7.063695252,1.714973192,0.980919366,6.481,0.3827,0.224,0.1334,0.0406
"224","53",45,45,"OFAV",5,"Turrumote","45OFA5T","22","24.97493036",3.19320209708084,5.10912335532935,679014.239005069,6.294094961,1.119492611,1.017370942,4.801,0.4641,0.2623,0.1748,0.0506
"225","54",45,45,"OFAV",6,"Turrumote","45OFA6T","35.5","31.41225627",3.75768932309172,3.50340959446145,1410781.60513492,5.407409114,1.29592251,0.655574212,5.293,0.4597,0.2803,0.1548,0.0608
"226","75",55,54,"OFAV",1,"Turrumote","55OFA1T","26.5","11.1086351",1.4313189565476,8.11080742043638,1222584.94205107,7.228757113,1.392255877,0.542484922,6.41,0.4554,0.2742,0.1636,0.0566
"227","85",55,55,"OFAV",2,"Turrumote","55OFA2T","23.5","5.571030641",0.843649999949803,5.90554999964862,625707.083155495,2.702913992,0.370256894,0.283653132,8.23,0.398,0.2548,0.136,0.0496
"228","103",55,55,"OFAV",3,"Turrumote","55OFA3T","30.5","19.69916435",NA,NA,1264436.03859521,7.033012587,1.547669711,0.605912386,4.733,0.4741,0.3028,0.175,0.0726
"229","105",55,53,"OFAV",4,"Turrumote","55OFA4T","17.5","20.26462396",1.53284364226614,2.50436426060383,817516.609237391,2.820180426,0.536171435,0.462760332,4.241,0.4994,0.3396,0.1832,0.0894
"230","106",55,53,"OFAV",5,"Turrumote","55OFA5T","20","11.00278552",1.72683544230352,5.27139240282128,1502649.78845102,5.291796327,0.76303405,0.848585946,8.815,0.4062,0.2806,0.1288,0.0628
"231","266",15,15,"OFRA",1,"Turrumote","15OFR1T",NA,"20.08635097",NA,NA,NA,NA,NA,NA,7.561,0.41,0.2786,0.1316,0.0602
"232","270",15,18,"OFRA",2,"Turrumote","15OFR2T","23.5","13.41504178",2.62764742578387,6.65670681198579,1343992.998112,5.422281845,1.103918478,0.745055356,8.902,0.3878,0.2216,0.1094,0.0396
"233","271",15,19,"OFRA",3,"Turrumote","15OFR3T","23.5","24.91364903",2.38172657600451,2.35814512475694,1720659.89301207,4.150932816,0.94309298,0.753181288,7.46,0.387,0.2649,0.117,0.0542
"234","273",15,22,"OFRA",4,"Turrumote","15OFR4T","33.5","22.8718663",1.46468152448058,4.68698087833786,568784.658624469,2.192445157,0.386675922,0.619004638,9.259,0.3713,0.2269,0.0964,0.0396
"235","274",15,27,"OFRA",5,"Turrumote","15OFR5T","20","15.64345404",2.26931980042433,5.62535612499553,728739.316192602,4.673094136,0.692941595,0.73474014,5.081,0.4717,0.2909,0.1736,0.065
"236","116",30,30,"OFRA",1,"Turrumote","30OFR1T","26.5","17.46796657",1.1377970023216,5.00630681021506,1615671.74329668,6.525986413,1.190552857,0.867755827,10.13,0.3469,0.1978,0.07360017142,0.0326
"237","118",30,30,"OFRA",2,"Turrumote","30OFR2T","25.5","24.64345404",1.47452950146594,4.34598168853119,1525405.0811012,2.769321617,0.372460978,0.35360844,6.369,0.4551,0.3106,0.1522,0.0702
"238","126",30,30,"OFRA",3,"Turrumote","30OFR3T","22","11.99721448",2.01713489746663,5.68465289286051,658115.729193832,5.303414397,1.520461273,0.686973711,6.936,0.4202,0.2626,0.14,0.0554
"239","127",30,30,"OFRA",4,"Turrumote","30OFR4T","20.5","10.56267409",3.93011273909333,7.56910601603159,811899.833278866,5.075991289,1.040509478,0.614039286,9.045,0.4205,0.2719,0.138,0.0584
"240","257",30,30,"OFRA",5,"Turrumote","30OFR5T","22.5","17.57103064",2.88116280924088,5.37817057724965,532837.270139209,1.662687044,0.332678266,0.211095032,4.95,0.5398,0.3435,0.2128,0.0858
"241","11",45,48,"OFRA",1,"Turrumote","45OFR1T","19.5","20.56545961",1.09042056074914,4.45650142219214,591039.550287493,3.739707935,0.681868422,0.431916409,8.047,0.426,0.2394,0.138,0.0444
"242","15",45,45,"OFRA",2,"Turrumote","45OFR2T","22","17.40111421",2.87625260060861,3.41357451500802,1147340.32309992,4.291990488,0.959751761,0.73066839,5.364,0.4804,0.296,0.1752,0.069
"243","21",45,46,"OFRA",3,"Turrumote","45OFR3T","17.5","20.65181058",1.14396749420505,3.22005665035496,781711.12104012,2.791520778,0.518429121,0.426666449,5.185,0.474,0.2999,0.1742,0.0724
"244","27",45,46,"OFRA",4,"Turrumote","45OFR4T","25","16.20612813",2.12111120708509,3.2395152980936,1221245.84655496,2.236473946,0.395760786,0.134512564,7.571,0.4083,0.2344,0.1244,0.0424
"245","31",45,45,"OFRA",5,"Turrumote","45OFR5T","17","8.43454039",1.66280548216095,3.0232826948381,830842.873869977,4.262543067,1.039706919,0.471385193,5.272,0.4284,0.2831,0.1456,0.0652
"246","35",45,46,"OFRA",6,"Turrumote","45OFR6T","24","17.40947075",2.06784000024814,2.75712000033085,1114336.00008777,4.00374032,0.98325792,0.608627279,6.711,0.448,0.2598,0.161,0.0558
"247","40",45,47,"OFRA",7,"Turrumote","45OFR7T","26.5","18.31476323",2.49593726252065,3.76199239568329,1011638.33978486,3.663348614,0.684465578,0.636467116,5.058,0.5119,0.2846,0.214,0.0666
"248","46",45,47,"OFRA",8,"Turrumote","45OFR8T","24.5","13.5821727",4.284108388638,3.96843724421204,1396844.81408486,6.915918848,1.036889518,0.726346299,7.067,0.4322,0.2645,0.1438,0.0558
"249","64",55,53,"OFRA",1,"Turrumote","55OFR1T","23.5","23.74651811",2.52352785879647,3.46366568854418,843649.999852547,3.390920462,1.007357685,0.777391789,6.941,0.3999,0.2564,0.1302,0.0538
"250","68",55,53,"OFRA",2,"Turrumote","55OFR2T","17","12.37047354",1.85522404827843,3.02332807867596,902417.62352939,3.359329767,0.78056834,0.415521117,5.711,0.4638,0.2477,0.1908,0.0512
"251","79",55,52,"OFRA",3,"Turrumote","55OFR3T","43.5","36.08635097",1.91363903924254,3.85741412634717,1667527.98130035,5.469863458,1.449875399,0.314428436,6.111,0.4702,0.273,0.1758,0.0598
"252","83",55,54,"OFRA",4,"Turrumote","55OFR4T","19.5","16.10584958",1.78584183697561,6.2958491879818,988771.186614423,5.297947002,1.030188592,0.470550402,5.074,0.4647,0.2915,0.173,0.0674
"253","104",55,55,"OFRA",5,"Turrumote","55OFR5T","33.5","11.69637883",1.50367051680045,6.87392236251636,1198162.8561487,5.337457508,1.000155704,1.023554068,6.754,0.4387,0.2667,0.1606,0.0538
"254","3",15,15,"PAST",1,"Turrumote","15PA1AT","13","3.459610028",2.44247181954347,2.63035426720066,NA,0.920561366,0.128605535,0.805880112,NA,0.1312,0.084,0.014,0.0062
"255","3",15,15,"PAST",1,"Turrumote","15PA1BT","16","3.153203343",6.08904593565883,9.64098939812649,1460948.17431506,4.623234982,1.260305654,0.568327979,59.58549223,0.1554,0.0841,0.0176,0.0054
"256","202",15,18,"PAST",2,"Turrumote","15PA2T","23.5","6.855153203",6.17054043102762,2.74246241379005,1965431.39643527,9.580763875,1.873016127,1.323068565,50.87572977,0.1573,0.0946,0.0192,0.0066
"257","204",15,15,"PAST",3,"Turrumote","15PA3T","22.5","8.167130919",1.65296725788901,13.7747271490751,850589.401455388,5.932752025,1.325610867,1.250464417,61.70886076,0.1572,0.1086,0.0194,0.009
"258","205",15,15,"PAST",4,"Turrumote","15PA4T","19","4.38718663",NA,18.18933333137,2627348.14800892,10.07775682,3.203704603,NA,65.72769953,0.1422,0.0919,0.0162,0.0068
"259","451",15,16,"PAST",5,"Turrumote","15PA5T","Missing","MISSING",NA,NA,NA,NA,NA,NA,NA,NA,NA,NA,NA
"260","93/ PAN 83",30,30,"PAST",1,"Turrumote","30PA1T","21.5","15",4.01333333333333,6.02,311152.77773,7.514130556,1.981225,0.791263789,50.90497738,0.129,0.0718,0.012,0.0042
"261","95/ PAN 85",30,31,"PAST",2,"Turrumote","30PA2T","18","8.008356546",3.59624347824336,9.66490434777902,NA,5.00677633,1.230083843,0.534159843,39.03903904,0.1571,0.0913,0.017,0.0068
"262","110",30,30,"PAST",3,"Turrumote","30PA3T","17","6.69637883",NA,10.4086106490484,1334925.47136853,7.34348637,2.047640277,1.512358584,59.40594059,0.1395,0.0918,0.0158,0.0066
"263","255",30,30,"PAST",4,"Turrumote","30PA4T","13.5","3.08913649",6.00896077596105,12.6734445456633,NA,17.63833928,3.602426612,1.63717284,45.97701149,0.1502,0.0866,0.0176,0.0058
"264","256",30,29,"PAST",5,"Turrumote","30PA5T","27","13.86072423",0.292192524199726,NA,1750720.20749669,8.827671842,2.826670479,1.077456108,48.01829268,0.1516,0.0959,0.0184,0.007
"265","19",45,45,"PAST",1,"Turrumote","45PA1T","14.5","4.688022284",0.618597742143327,13.9184491982248,NA,NA,NA,2.117781643,50.63291139,0.1488,0.0844,0.0164,0.0054
"266","22",45,46,"PAST",2,"Turrumote","45PA2T","23","6.576601671",NA,18.5354087259879,1352685.15168371,8.508248049,2.312816826,1.494982245,46.00938967,0.1484,0.0799,0.0174,0.0048
"267","33",45,45,"PAST",3,"Turrumote","45PA3T","16.5","2.495821727",6.94160156255423,13.222098214389,NA,NA,NA,3.649593326,50.4587156,0.153,0.0909,0.018,0.0062
"268","38",45,44,"PAST",4,"Turrumote","45PA4T","23","12.81615599",0.942170180311608,19.9201695265883,1142568.28221548,NA,NA,1.658467393,45.29616725,0.1601,0.0886,0.0208,0.0064
"269","49",45,46,"PAST",5,"Turrumote","45PA5T","30","25.86629526",0.579905233788783,18.3250053877256,740345.68176502,9.242983875,2.781544449,0.952990236,53.02402651,0.1617,0.0961,0.02,0.007
"270","51",45,44,"PAST",6,"Turrumote","45PA6T","17","10.46518106",0.568552036117376,9.74660633344073,755361.990841657,4.627593928,1.078096493,0.750467672,47.22222222,0.1609,0.0982,0.0202,0.008
"271","58",55,53,"PAST",1,"Turrumote","55PA1T","40","16.35097493",0.244633730840171,NA,1400528.10905998,3.059939864,0.672559285,0.242336543,35.56851312,0.1622,0.0914,0.0208,0.007
"272","70",55,52,"PAST",2,"Turrumote","55PA2T","16.5","8.623955432",0.526150678279618,12.0536337205876,NA,NA,NA,NA,49.23076923,0.1563,0.0886,0.02,0.006
"273","74",55,55,"PAST",3,"Turrumote","55PA3T","14.5","5.73816156",1.07395024269759,14.4035679608854,NA,NA,NA,1.122445493,54.42176871,0.145,0.0867,0.0166,0.0062
"274","76",55,52,"PAST",4,"Turrumote","55PA4T","24","16.00835655",1.04945188767675,15.1420915221931,925766.486629135,11.47671839,3.140522254,1.148599831,43.99748586,0.1775,0.0893,0.0234,0.0066
"275","280",55,50,"PAST",5,"Turrumote","55PA5T","17","8.415041783",3.83836477975097,7.8787487584362,1179287.07377875,8.466792977,2.154282233,1.264486573,47.97601199,0.1676,0.0988,0.0216,0.0078
"276","9",15,15,"PPOR",1,"Turrumote","15PP1AT","23","4.986072423",8.30312849228343,12.9159776546631,945634.078287835,20.26255499,NA,3.950975086,51.11821086,0.1761,0.1338,0.0234,0.0148
"277","9",15,15,"PPOR",1,"Turrumote","15PP1BT","20","3.116991643",NA,NA,1173674.41206194,15.41999643,4.59128597,NA,52.87356322,NA,NA,NA,NA
"278","203",15,18,"PPOR",2,"Turrumote","15PP2T","26","5.222841226",4.85367999965312,7.9650133327641,2215269.33317502,15.72986422,5.489014266,NA,56.49717514,0.1819,0.1332,0.0252,0.0156
"279","209",15,15,"PPOR",3,"Turrumote","15PP3T","28","7.479108635",5.42845437623463,10.8569087524693,3065204.84175318,18.36287006,3.227403315,2.02028871,37.73584906,0.194,0.151,0.0278,0.0184
"280","262",15,15,"PPOR",4,"Turrumote","15PP4T","20","6.456824513",5.34318377873498,8.05349439113678,1277717.86013228,10.4825522,2.500610008,2.471647945,57.52212389,0.1752,0.1416,0.0228,0.0162
"281","267",15,15,"PPOR",5,"Turrumote","15PP5T","16","5.479108635",6.49740721923102,18.9811896292142,1224043.38259667,19.38468592,NA,3.321586037,45.96273292,0.1694,0.1284,0.0202,0.0134
"282","90",30,30,"PPOR",1,"Turrumote","30PP1T","17","8.267409471",0.56547338273237,8.84194743908796,1387980.12125218,17.19460618,4.490783979,3.320743498,45.65537555,0.1965,0.1356,0.03,0.0146
"283","96/ PAN 86",30,31,"PPOR",2,"Turrumote","30PP2T","26","7.381615599",5.98784905651113,8.80566037722225,2597669.81128056,NA,NA,1.534168023,43.1372549,0.1752,0.1344,0.022,0.014
"284","102/ PAN 92",30,30,"PPOR",3,"Turrumote","30PP3T","39","9.587743733",6.30492446225252,9.76246368348777,2654169.81394824,NA,5.097124658,NA,43.92764858,0.1861,0.1401,0.0266,0.0174
"285","109",30,30,"PPOR",4,"Turrumote","30PP4T","40","10.71587744",7.93215492393687,15.3043930297135,2076358.20067759,18.13890971,4.442846633,4.100846998,41.80064309,0.1826,0.1445,0.026,0.0172
"286","113",30,30,"PPOR",5,"Turrumote","30PP5T","20","6.233983287",NA,9.62466487921465,2141487.93562526,19.22072312,5.46881479,1.579041658,48.6381323,0.169,0.1285,0.0206,0.0148
"287","17",45,47,"PPOR",1,"Turrumote","45PP1T","15","3.885793872",1.93010752681531,3.08817204290449,1326948.92468552,2.140521416,0.531069086,0.326191196,33.19502075,0.1992,0.1386,0.0338,0.0158
"288","32",45,45,"PPOR",2,"Turrumote","45PP2T","25","11.86629526",1.05340375627903,1.47476525879064,1297442.29308011,2.217204226,0.570365464,0.406388995,38.51640514,0.198,0.1313,0.0314,0.0134
"289","36",45,46,"PPOR",3,"Turrumote","45PP3T","20","4.95264624",6.15832395895088,13.7300337445462,1310747.09386068,NA,NA,1.519364528,48.10126582,0.1724,0.1266,0.0208,0.012
"290","37",45,46,"PPOR",4,"Turrumote","45PP4T","16","8.164345404",3.87048788804526,5.48727396786164,786345.957001601,10.14938278,2.484902218,1.397853788,35.0877193,0.1854,0.1403,0.0268,0.0166
"291","41",45,47,"PPOR",5,"Turrumote","45PP5T","20","4.883008357",5.01739874454202,5.73416999376231,2020612.28337971,10.58654069,2.602903594,1.695644769,32.14890017,0.2072,0.157,0.0326,0.0202
"292","44",45,44,"PPOR",6,"Turrumote","45PP6T","17","8.281337047",2.4633703331022,3.07921291637775,543138.94490376,5.960860111,1.510507896,0.66829746,40.46242775,NA,NA,NA,NA
"293","47",45,47,"PPOR",7,"Turrumote","45PP7T","34","16.14763231",2.73724340209478,5.05337243463652,1160696.48108058,14.11866638,3.960738564,0.805833812,52.1813516,0.1685,0.1231,0.0214,0.0116
"294","57",55,54,"PPOR",1,"Turrumote","55PP1T","25","7.919220056",1.73628209631355,0.947062961625573,1452163.20782588,5.90801552,1.306631199,0.282080109,37.46770026,0.1867,0.1128,0.0266,0.0104
"295","63",55,53,"PPOR",2,"Turrumote","55PP2T","26","7.061281337",6.16743589747726,13.6235897436811,NA,18.31691641,NA,2.455590142,30.15873016,0.2035,0.1324,0.0292,0.0138
"296","82",55,54,"PPOR",3,"Turrumote","55PP3T","26","5.986072423",4.88634248520184,16.070637506886,3025912.82801792,NA,NA,3.313581096,30.24193548,0.2188,0.1585,0.0354,0.0186
"297","86",55,56,"PPOR",4,"Turrumote","55PP4T","18","6.348189415",4.9620447565048,13.610179903556,2534187.14350066,18.88705459,3.848916345,1.378751029,41.09589041,0.1819,0.1384,0.0268,0.0166
"298","88",55,53,"PPOR",5,"Turrumote","55PP5T","16","6.95264624",2.58894230752635,3.22179487158835,1524599.35887663,9.784974572,2.048601282,NA,42.19409283,0.1874,0.1233,0.0282,0.0118
"299","89",55,52,"PPOR",6,"Turrumote","55PP6T","34","27.51532033",1.08121583333208,2.10064790475946,1379837.34961664,3.590738377,0.797659258,0.306988292,32.85151117,0.2291,0.1447,0.0396,0.0158
"300","107",55,57,"PPOR",7,"Turrumote","55PP7T","15","4.593314763",4.00037901778777,4.89842328708706,902126.288705201,7.298487417,2.072196331,1.015582103,38.86010363,0.1927,0.1431,0.0278,0.0176
